-- phpMyAdmin SQL Dump
-- version 5.0.2
-- https://www.phpmyadmin.net/
--
-- Host: 127.0.0.1
-- Generation Time: Jul 15, 2020 at 06:07 PM
-- Server version: 8.0.20
-- PHP Version: 7.4.7

SET SQL_MODE = "NO_AUTO_VALUE_ON_ZERO";
START TRANSACTION;
SET time_zone = "+00:00";


/*!40101 SET @OLD_CHARACTER_SET_CLIENT=@@CHARACTER_SET_CLIENT */;
/*!40101 SET @OLD_CHARACTER_SET_RESULTS=@@CHARACTER_SET_RESULTS */;
/*!40101 SET @OLD_COLLATION_CONNECTION=@@COLLATION_CONNECTION */;
/*!40101 SET NAMES utf8mb4 */;

--
-- Database: `sahaayak`
--

-- --------------------------------------------------------

--
-- Table structure for table `answers`
--

CREATE TABLE `answers` (
  `id` bigint UNSIGNED NOT NULL,
  `question_id` bigint UNSIGNED NOT NULL,
  `created_at` timestamp NULL DEFAULT NULL,
  `updated_at` timestamp NULL DEFAULT NULL,
  `answer` varchar(255) CHARACTER SET utf8mb4 COLLATE utf8mb4_unicode_ci NOT NULL,
  `point` double(8,2) NOT NULL DEFAULT '0.00'
) ENGINE=InnoDB DEFAULT CHARSET=utf8mb4 COLLATE=utf8mb4_unicode_ci;

--
-- Dumping data for table `answers`
--

INSERT INTO `answers` (`id`, `question_id`, `created_at`, `updated_at`, `answer`, `point`) VALUES
(1, 1, '2020-07-11 09:24:20', '2020-07-11 09:24:20', 'Most of the time', 1.00),
(2, 1, '2020-07-11 09:24:20', '2020-07-11 09:24:20', 'Often', 0.75),
(3, 1, '2020-07-11 09:24:20', '2020-07-11 09:24:20', 'Rarely', 0.25),
(4, 1, '2020-07-11 09:24:20', '2020-07-11 09:24:20', 'Almost never', 0.00),
(5, 2, '2020-07-11 09:26:28', '2020-07-11 09:26:28', 'Most of the time', 1.00),
(6, 2, '2020-07-11 09:26:28', '2020-07-11 09:26:28', 'Often', 0.75),
(7, 2, '2020-07-11 09:26:28', '2020-07-11 09:26:28', 'Rarely', 0.25),
(8, 2, '2020-07-11 09:26:28', '2020-07-11 09:26:28', 'Almost never', 0.00),
(9, 3, '2020-07-11 09:27:30', '2020-07-11 09:27:30', 'Most of the time', 1.00),
(10, 3, '2020-07-11 09:27:30', '2020-07-11 09:27:30', 'Often', 0.75),
(11, 3, '2020-07-11 09:27:30', '2020-07-11 09:27:30', 'Rarely', 0.25),
(12, 3, '2020-07-11 09:27:30', '2020-07-11 09:27:30', 'Almost never', 0.00),
(13, 4, '2020-07-11 09:28:18', '2020-07-11 09:28:18', 'Most of the time', 1.00),
(14, 4, '2020-07-11 09:28:18', '2020-07-11 09:28:18', 'Often', 0.75),
(15, 4, '2020-07-11 09:28:18', '2020-07-11 09:28:18', 'Rarely', 0.25),
(16, 4, '2020-07-11 09:28:18', '2020-07-11 09:28:18', 'Almost never', 0.00),
(17, 5, '2020-07-11 09:30:30', '2020-07-11 09:30:30', 'Most of the time', 1.00),
(18, 5, '2020-07-11 09:30:30', '2020-07-11 09:30:30', 'Often', 0.75),
(19, 5, '2020-07-11 09:30:31', '2020-07-11 09:30:31', 'Rarely', 0.25),
(20, 5, '2020-07-11 09:30:31', '2020-07-11 09:30:31', 'Almost never', 0.00),
(21, 6, '2020-07-11 09:32:23', '2020-07-11 09:32:23', 'Most of the time', 1.00),
(22, 6, '2020-07-11 09:32:23', '2020-07-11 09:32:23', 'Often', 0.75),
(23, 6, '2020-07-11 09:32:23', '2020-07-11 09:32:23', 'Rarely', 0.25),
(24, 6, '2020-07-11 09:32:23', '2020-07-11 09:32:23', 'Almost never', 0.00),
(25, 7, '2020-07-11 09:34:40', '2020-07-11 09:34:40', 'Most of the time', 1.00),
(26, 7, '2020-07-11 09:34:40', '2020-07-11 09:34:40', 'Often', 0.75),
(27, 7, '2020-07-11 09:34:40', '2020-07-11 09:34:40', 'Rarely', 0.25),
(28, 7, '2020-07-11 09:34:40', '2020-07-11 09:34:40', 'Almost never', 0.00),
(29, 8, '2020-07-11 09:37:31', '2020-07-11 09:37:31', 'Most of the time', 1.00),
(30, 8, '2020-07-11 09:37:31', '2020-07-11 09:37:31', 'Often', 0.75),
(31, 8, '2020-07-11 09:37:31', '2020-07-11 09:37:31', 'Rarely', 0.25),
(32, 8, '2020-07-11 09:37:31', '2020-07-11 09:37:31', 'Almost never', 0.00),
(33, 9, '2020-07-11 09:38:46', '2020-07-11 09:38:46', 'Most of the time', 1.00),
(34, 9, '2020-07-11 09:38:46', '2020-07-11 09:38:46', 'Often', 0.75),
(35, 9, '2020-07-11 09:38:46', '2020-07-11 09:38:46', 'Rarely', 0.25),
(36, 9, '2020-07-11 09:38:46', '2020-07-11 09:38:46', 'Almost never', 0.00),
(37, 10, '2020-07-11 09:40:03', '2020-07-11 09:40:03', 'Most of the time', 1.00),
(38, 10, '2020-07-11 09:40:03', '2020-07-11 09:40:03', 'Often', 0.75),
(39, 10, '2020-07-11 09:40:03', '2020-07-11 09:40:03', 'Rarely', 0.25),
(40, 10, '2020-07-11 09:40:03', '2020-07-11 09:40:03', 'Almost never', 0.00),
(41, 11, '2020-07-11 09:41:10', '2020-07-11 09:41:10', 'Most of the time', 1.00),
(42, 11, '2020-07-11 09:41:10', '2020-07-11 09:41:10', 'Often', 0.75),
(43, 11, '2020-07-11 09:41:10', '2020-07-11 09:41:10', 'Rarely', 0.25),
(44, 11, '2020-07-11 09:41:11', '2020-07-11 09:41:11', 'Almost never', 0.00),
(45, 12, '2020-07-11 09:43:04', '2020-07-11 09:43:04', 'Most of the time', 1.00),
(46, 12, '2020-07-11 09:43:04', '2020-07-11 09:43:04', 'Often', 0.75),
(47, 12, '2020-07-11 09:43:04', '2020-07-11 09:43:04', 'Rarely', 0.25),
(48, 12, '2020-07-11 09:43:04', '2020-07-11 09:43:04', 'Almost never', 0.00),
(49, 13, '2020-07-11 09:44:21', '2020-07-11 09:44:21', 'Most of the time', 1.00),
(50, 13, '2020-07-11 09:44:21', '2020-07-11 09:44:21', 'Often', 0.75),
(51, 13, '2020-07-11 09:44:21', '2020-07-11 09:44:21', 'Rarely', 0.25),
(52, 13, '2020-07-11 09:44:21', '2020-07-11 09:44:21', 'Almost never', 0.00),
(53, 14, '2020-07-11 09:45:23', '2020-07-11 09:45:23', 'Most of the time', 1.00),
(54, 14, '2020-07-11 09:45:23', '2020-07-11 09:45:23', 'Often', 0.75),
(55, 14, '2020-07-11 09:45:23', '2020-07-11 09:45:23', 'Rarely', 0.25),
(56, 14, '2020-07-11 09:45:23', '2020-07-11 09:45:23', 'Almost never', 0.00),
(57, 15, '2020-07-11 09:47:02', '2020-07-11 09:47:02', 'Most of the time', 1.00),
(58, 15, '2020-07-11 09:47:02', '2020-07-11 09:47:02', 'Often', 0.75),
(59, 15, '2020-07-11 09:47:02', '2020-07-11 09:47:02', 'Rarely', 0.25),
(60, 15, '2020-07-11 09:47:03', '2020-07-11 09:47:03', 'Almost never', 0.00),
(61, 16, '2020-07-11 15:15:17', '2020-07-11 15:23:04', 'All the time', 1.00),
(62, 16, '2020-07-11 15:15:17', '2020-07-11 15:23:04', 'Often', 0.75),
(63, 16, '2020-07-11 15:15:17', '2020-07-11 15:23:04', 'Rarely', 0.25),
(64, 16, '2020-07-11 15:15:17', '2020-07-11 15:23:04', 'Not at all', 0.00),
(65, 17, '2020-07-11 15:16:46', '2020-07-11 15:21:44', 'All the time', 1.00),
(66, 17, '2020-07-11 15:16:46', '2020-07-11 15:21:44', 'Often', 0.75),
(67, 17, '2020-07-11 15:16:46', '2020-07-11 15:21:44', 'Rarely', 0.25),
(68, 17, '2020-07-11 15:16:46', '2020-07-11 15:21:44', 'Not at all', 0.00),
(69, 18, '2020-07-11 15:17:50', '2020-07-11 15:24:16', 'All the time', 1.00),
(70, 18, '2020-07-11 15:17:50', '2020-07-11 15:24:16', 'Often', 0.75),
(71, 18, '2020-07-11 15:17:50', '2020-07-11 15:24:16', 'Rarely', 0.25),
(72, 18, '2020-07-11 15:17:50', '2020-07-11 15:24:16', 'Not at all', 0.00),
(73, 19, '2020-07-11 15:18:47', '2020-07-11 15:18:47', 'All the time', 1.00),
(74, 19, '2020-07-11 15:18:47', '2020-07-11 15:18:47', 'Rarely', 0.75),
(75, 19, '2020-07-11 15:18:47', '2020-07-11 15:18:47', 'Often', 0.25),
(76, 19, '2020-07-11 15:18:47', '2020-07-11 15:24:35', 'Not at all', 0.00),
(77, 20, '2020-07-11 15:20:30', '2020-07-11 15:20:30', 'All the time', 1.00),
(78, 20, '2020-07-11 15:20:30', '2020-07-11 15:20:30', 'Often', 0.75),
(79, 20, '2020-07-11 15:20:30', '2020-07-11 15:20:30', 'Rarely', 0.25),
(80, 20, '2020-07-11 15:20:30', '2020-07-11 15:20:30', 'Not at all', 0.00),
(81, 21, '2020-07-11 15:25:54', '2020-07-11 15:25:54', 'All the time', 1.00),
(82, 21, '2020-07-11 15:25:55', '2020-07-11 15:25:55', 'Often', 0.75),
(83, 21, '2020-07-11 15:25:55', '2020-07-11 15:25:55', 'Rarely', 0.25),
(84, 21, '2020-07-11 15:25:55', '2020-07-11 15:25:55', 'Not at all', 0.00),
(85, 22, '2020-07-11 15:27:33', '2020-07-11 15:27:33', 'All the time', 1.00),
(86, 22, '2020-07-11 15:27:33', '2020-07-11 15:27:33', 'Often', 0.75),
(87, 22, '2020-07-11 15:27:33', '2020-07-11 15:27:33', 'Rarely', 0.25),
(88, 22, '2020-07-11 15:27:33', '2020-07-11 15:27:33', 'Not at all', 0.00),
(89, 23, '2020-07-11 15:28:06', '2020-07-11 15:28:06', 'All the time', 1.00),
(90, 23, '2020-07-11 15:28:06', '2020-07-11 15:28:06', 'Often', 0.75),
(91, 23, '2020-07-11 15:28:06', '2020-07-11 15:28:06', 'Rarely', 0.25),
(92, 23, '2020-07-11 15:28:06', '2020-07-11 15:28:06', 'Not at all', 0.00),
(93, 24, '2020-07-11 15:28:56', '2020-07-11 15:28:56', 'All the time', 1.00),
(94, 24, '2020-07-11 15:28:56', '2020-07-11 15:28:56', 'Often', 0.75),
(95, 24, '2020-07-11 15:28:56', '2020-07-11 15:28:56', 'Rarely', 0.25),
(96, 24, '2020-07-11 15:28:56', '2020-07-11 15:28:56', 'Not at all', 0.00),
(97, 25, '2020-07-11 15:29:31', '2020-07-11 15:29:31', 'All the time', 1.00),
(98, 25, '2020-07-11 15:29:31', '2020-07-11 15:29:31', 'Often', 0.75),
(99, 25, '2020-07-11 15:29:31', '2020-07-11 15:29:31', 'Rarely', 0.25),
(100, 25, '2020-07-11 15:29:31', '2020-07-11 15:29:31', 'Not at all', 0.00),
(101, 26, '2020-07-11 15:30:10', '2020-07-11 15:30:10', 'All the time', 1.00),
(102, 26, '2020-07-11 15:30:10', '2020-07-11 15:30:10', 'Often', 0.75),
(103, 26, '2020-07-11 15:30:10', '2020-07-11 15:30:10', 'Rarely', 0.25),
(104, 26, '2020-07-11 15:30:10', '2020-07-11 15:30:10', 'Not at all', 0.00),
(105, 27, '2020-07-11 15:31:01', '2020-07-11 15:31:01', 'All the time', 1.00),
(106, 27, '2020-07-11 15:31:01', '2020-07-11 15:31:01', 'Often', 0.75),
(107, 27, '2020-07-11 15:31:01', '2020-07-11 15:31:01', 'Rarely', 0.25),
(108, 27, '2020-07-11 15:31:01', '2020-07-11 15:31:01', 'Not at all', 0.00),
(109, 28, '2020-07-11 15:31:46', '2020-07-11 15:31:46', 'All the time', 1.00),
(110, 28, '2020-07-11 15:31:47', '2020-07-11 15:31:47', 'Often', 0.75),
(111, 28, '2020-07-11 15:31:47', '2020-07-11 15:31:47', 'Rarely', 0.25),
(112, 28, '2020-07-11 15:31:47', '2020-07-11 15:31:47', 'Not at all', 0.00),
(113, 29, '2020-07-11 15:32:24', '2020-07-11 15:32:24', 'All the time', 1.00),
(114, 29, '2020-07-11 15:32:24', '2020-07-11 15:32:24', 'Often', 0.75),
(115, 29, '2020-07-11 15:32:24', '2020-07-11 15:32:24', 'Rarely', 0.25),
(116, 29, '2020-07-11 15:32:24', '2020-07-11 15:32:24', 'Not at all', 0.00),
(117, 30, '2020-07-11 15:33:10', '2020-07-11 15:33:10', 'All the time', 1.00),
(118, 30, '2020-07-11 15:33:10', '2020-07-11 15:33:10', 'Often', 0.75),
(119, 30, '2020-07-11 15:33:10', '2020-07-11 15:33:10', 'Rarely', 0.25),
(120, 30, '2020-07-11 15:33:10', '2020-07-11 15:33:10', 'Not at all', 0.00),
(121, 31, '2020-07-13 07:00:23', '2020-07-13 07:00:23', 'All the time', 1.00),
(122, 31, '2020-07-13 07:00:23', '2020-07-13 07:00:23', 'Often', 0.75),
(123, 31, '2020-07-13 07:00:23', '2020-07-13 07:00:23', 'Rarely', 0.25),
(124, 31, '2020-07-13 07:00:23', '2020-07-13 07:00:23', 'Never', 0.00),
(125, 32, '2020-07-13 07:05:43', '2020-07-13 07:05:43', 'All the time', 1.00),
(126, 32, '2020-07-13 07:05:43', '2020-07-13 07:05:43', 'Often', 0.75),
(127, 32, '2020-07-13 07:05:43', '2020-07-13 07:05:43', 'Rarely', 0.25),
(128, 32, '2020-07-13 07:05:43', '2020-07-13 07:05:43', 'Never', 0.00),
(129, 33, '2020-07-13 07:09:56', '2020-07-13 07:09:56', 'All the time', 1.00),
(130, 33, '2020-07-13 07:09:56', '2020-07-13 07:09:56', 'Often', 0.75),
(131, 33, '2020-07-13 07:09:56', '2020-07-13 07:09:56', 'Rarely', 0.25),
(132, 33, '2020-07-13 07:09:56', '2020-07-13 07:09:56', 'Not at all', 0.00),
(133, 34, '2020-07-13 07:10:41', '2020-07-13 07:10:41', 'All the time', 1.00),
(134, 34, '2020-07-13 07:10:41', '2020-07-13 07:10:41', 'Often', 0.75),
(135, 34, '2020-07-13 07:10:42', '2020-07-13 07:10:42', 'Rarely', 0.25),
(136, 34, '2020-07-13 07:10:42', '2020-07-13 07:10:42', 'Not at all', 0.00),
(137, 35, '2020-07-13 07:11:35', '2020-07-13 07:11:35', 'All the time', 1.00),
(138, 35, '2020-07-13 07:11:35', '2020-07-13 07:11:35', 'Often', 0.75),
(139, 35, '2020-07-13 07:11:35', '2020-07-13 07:11:35', 'Rarely', 0.25),
(140, 35, '2020-07-13 07:11:35', '2020-07-13 07:11:35', 'Not at all', 0.00),
(141, 36, '2020-07-13 07:12:41', '2020-07-13 07:12:41', 'Very high', 1.00),
(142, 36, '2020-07-13 07:12:41', '2020-07-13 07:12:41', 'High', 0.75),
(143, 36, '2020-07-13 07:12:41', '2020-07-13 07:12:41', 'Low', 0.25),
(144, 36, '2020-07-13 07:12:41', '2020-07-13 07:12:41', 'Very low', 0.00),
(145, 37, '2020-07-13 07:15:45', '2020-07-13 07:15:45', 'Most of the time', 1.00),
(146, 37, '2020-07-13 07:15:45', '2020-07-13 07:15:45', 'Often', 0.75),
(147, 37, '2020-07-13 07:15:45', '2020-07-13 07:15:45', 'Rarely', 0.25),
(148, 37, '2020-07-13 07:15:45', '2020-07-13 07:15:45', 'Not at all', 0.00),
(149, 38, '2020-07-13 07:16:35', '2020-07-13 07:16:35', 'Most of the time', 1.00),
(150, 38, '2020-07-13 07:16:35', '2020-07-13 07:16:35', 'Often', 0.75),
(151, 38, '2020-07-13 07:16:35', '2020-07-13 07:16:35', 'Rarely', 0.25),
(152, 38, '2020-07-13 07:16:35', '2020-07-13 07:16:35', 'Not at all', 0.00),
(153, 39, '2020-07-13 07:17:47', '2020-07-13 07:17:47', 'Most of the time', 1.00),
(154, 39, '2020-07-13 07:17:47', '2020-07-13 07:17:47', 'Often', 0.75),
(155, 39, '2020-07-13 07:17:47', '2020-07-13 07:17:47', 'Rarely', 0.25),
(156, 39, '2020-07-13 07:17:47', '2020-07-13 07:17:47', 'Not at all', 0.00),
(157, 40, '2020-07-13 07:19:02', '2020-07-13 07:19:02', 'All the time', 1.00),
(158, 40, '2020-07-13 07:19:02', '2020-07-13 07:19:02', 'Often', 0.75),
(159, 40, '2020-07-13 07:19:02', '2020-07-13 07:19:02', 'Rarely', 0.25),
(160, 40, '2020-07-13 07:19:02', '2020-07-13 07:19:02', 'Not at all', 0.00),
(161, 41, '2020-07-13 07:19:57', '2020-07-13 07:19:57', 'Most of the time', 1.00),
(162, 41, '2020-07-13 07:19:57', '2020-07-13 07:19:57', 'Often', 0.75),
(163, 41, '2020-07-13 07:19:57', '2020-07-13 07:19:57', 'Rarely', 0.25),
(164, 41, '2020-07-13 07:19:57', '2020-07-13 07:19:57', 'Not at all', 0.00),
(165, 42, '2020-07-13 07:20:46', '2020-07-13 07:20:46', 'All the time', 1.00),
(166, 42, '2020-07-13 07:20:46', '2020-07-13 07:20:46', 'Often', 0.75),
(167, 42, '2020-07-13 07:20:46', '2020-07-13 07:20:46', 'Rarely', 0.25),
(168, 42, '2020-07-13 07:20:46', '2020-07-13 07:20:46', 'Not at all', 0.00),
(169, 43, '2020-07-13 07:21:43', '2020-07-13 07:21:43', 'All the time', 1.00),
(170, 43, '2020-07-13 07:21:43', '2020-07-13 07:21:43', 'Often', 0.75),
(171, 43, '2020-07-13 07:21:43', '2020-07-13 07:21:43', 'Rarely', 0.25),
(172, 43, '2020-07-13 07:21:43', '2020-07-13 07:21:43', 'Not at all', 0.00),
(173, 44, '2020-07-13 07:22:36', '2020-07-13 07:22:36', 'All the time', 1.00),
(174, 44, '2020-07-13 07:22:36', '2020-07-13 07:22:36', 'Often', 0.75),
(175, 44, '2020-07-13 07:22:36', '2020-07-13 07:22:36', 'Rarely', 0.25),
(176, 44, '2020-07-13 07:22:36', '2020-07-13 07:22:36', 'Not at all', 0.00),
(177, 45, '2020-07-13 07:23:16', '2020-07-13 07:23:16', 'All the time', 1.00),
(178, 45, '2020-07-13 07:23:16', '2020-07-13 07:23:16', 'Often', 0.75),
(179, 45, '2020-07-13 07:23:16', '2020-07-13 07:23:16', 'Rarely', 0.25),
(180, 45, '2020-07-13 07:23:16', '2020-07-13 07:23:16', 'Not at all', 0.00),
(181, 46, '2020-07-13 07:30:45', '2020-07-13 07:30:45', 'Most of the time', 0.00),
(182, 46, '2020-07-13 07:30:45', '2020-07-13 07:30:45', 'Often', 0.25),
(183, 46, '2020-07-13 07:30:45', '2020-07-13 07:30:45', 'Rarely', 0.75),
(184, 46, '2020-07-13 07:30:45', '2020-07-13 07:34:24', 'Never', 1.00),
(185, 47, '2020-07-13 07:31:38', '2020-07-13 07:31:38', 'Most of the time', 0.00),
(186, 47, '2020-07-13 07:31:38', '2020-07-13 07:31:38', 'Often', 0.25),
(187, 47, '2020-07-13 07:31:38', '2020-07-13 07:31:38', 'Rarely', 0.75),
(188, 47, '2020-07-13 07:31:38', '2020-07-13 07:34:36', 'Never', 1.00),
(189, 48, '2020-07-13 07:32:46', '2020-07-13 07:32:46', 'Most of the time', 0.00),
(190, 48, '2020-07-13 07:32:46', '2020-07-13 07:32:46', 'Often', 0.25),
(191, 48, '2020-07-13 07:32:46', '2020-07-13 07:32:46', 'Rarely', 0.75),
(192, 48, '2020-07-13 07:32:46', '2020-07-13 07:34:48', 'Never', 1.00),
(193, 49, '2020-07-13 07:33:42', '2020-07-13 07:33:42', 'Never', 0.00),
(194, 49, '2020-07-13 07:33:42', '2020-07-13 07:33:42', 'Often', 0.25),
(195, 49, '2020-07-13 07:33:42', '2020-07-13 07:33:42', 'Rarely', 0.75),
(196, 49, '2020-07-13 07:33:42', '2020-07-13 07:35:00', 'Never', 1.00),
(197, 50, '2020-07-13 07:36:26', '2020-07-13 07:36:26', 'Most of the time', 1.00),
(198, 50, '2020-07-13 07:36:26', '2020-07-13 07:36:26', 'Often', 0.75),
(199, 50, '2020-07-13 07:36:26', '2020-07-13 07:36:26', 'Rarely', 0.25),
(200, 50, '2020-07-13 07:36:26', '2020-07-13 07:36:26', 'Never', 0.00),
(201, 51, '2020-07-13 07:37:08', '2020-07-13 07:37:08', 'Most of the time', 1.00),
(202, 51, '2020-07-13 07:37:08', '2020-07-13 07:37:08', 'Often', 0.75),
(203, 51, '2020-07-13 07:37:08', '2020-07-13 07:37:08', 'Rarely', 0.25),
(204, 51, '2020-07-13 07:37:08', '2020-07-13 07:37:08', 'Never', 0.00),
(205, 52, '2020-07-13 07:38:13', '2020-07-13 07:38:13', 'Most of the time', 1.00),
(206, 52, '2020-07-13 07:38:13', '2020-07-13 07:38:13', 'Often', 0.75),
(207, 52, '2020-07-13 07:38:13', '2020-07-13 07:38:13', 'Rarely', 0.25),
(208, 52, '2020-07-13 07:38:13', '2020-07-13 07:38:13', 'Never', 0.00),
(209, 53, '2020-07-13 07:39:03', '2020-07-13 07:39:03', 'Most of the time', 0.00),
(210, 53, '2020-07-13 07:39:03', '2020-07-13 07:39:03', 'Often', 0.25),
(211, 53, '2020-07-13 07:39:03', '2020-07-13 07:39:03', 'Rarely', 0.75),
(212, 53, '2020-07-13 07:39:03', '2020-07-13 07:39:03', 'Not at all', 1.00),
(213, 54, '2020-07-13 07:39:54', '2020-07-13 07:39:54', 'Most of the time', 0.00),
(214, 54, '2020-07-13 07:39:54', '2020-07-13 07:39:54', 'Often', 0.25),
(215, 54, '2020-07-13 07:39:54', '2020-07-13 07:39:54', 'Rarely', 0.75),
(216, 54, '2020-07-13 07:39:54', '2020-07-13 07:39:54', 'Never', 1.00),
(217, 55, '2020-07-13 07:40:39', '2020-07-13 07:40:39', 'Most of the time', 0.00),
(218, 55, '2020-07-13 07:40:39', '2020-07-13 07:40:39', 'Often', 0.25),
(219, 55, '2020-07-13 07:40:39', '2020-07-13 07:40:39', 'Rarely', 0.75),
(220, 55, '2020-07-13 07:40:39', '2020-07-13 07:40:39', 'Never', 1.00),
(221, 56, '2020-07-13 07:41:17', '2020-07-13 07:41:17', 'Most of the time', 0.00),
(222, 56, '2020-07-13 07:41:17', '2020-07-13 07:41:17', 'Often', 0.25),
(223, 56, '2020-07-13 07:41:17', '2020-07-13 07:41:17', 'Rarely', 0.75),
(224, 56, '2020-07-13 07:41:17', '2020-07-13 07:41:17', 'Not at all', 1.00),
(225, 57, '2020-07-13 07:42:39', '2020-07-13 07:49:55', 'Most of the time', 0.25),
(226, 57, '2020-07-13 07:42:39', '2020-07-13 07:42:39', 'Often', 0.00),
(227, 57, '2020-07-13 07:42:39', '2020-07-13 07:49:55', 'Rarely', 0.75),
(228, 57, '2020-07-13 07:42:39', '2020-07-13 07:42:39', 'Not at all', 0.50),
(229, 58, '2020-07-13 07:43:46', '2020-07-13 07:43:46', 'Most of the time', 0.00),
(230, 58, '2020-07-13 07:43:46', '2020-07-13 07:43:46', 'Often', 0.25),
(231, 58, '2020-07-13 07:43:46', '2020-07-13 07:43:46', 'Rarely', 0.75),
(232, 58, '2020-07-13 07:43:46', '2020-07-13 07:43:46', 'Never', 1.00),
(233, 59, '2020-07-13 07:44:44', '2020-07-13 07:44:44', 'Most of the time', 0.50),
(234, 59, '2020-07-13 07:44:44', '2020-07-13 07:44:44', 'Often', 0.25),
(235, 59, '2020-07-13 07:44:44', '2020-07-13 07:44:44', 'Rarely', 0.00),
(236, 59, '2020-07-13 07:44:44', '2020-07-13 07:44:44', 'Not at all', 0.75),
(237, 60, '2020-07-13 07:46:55', '2020-07-13 07:46:55', 'Most of the time', 0.00),
(238, 60, '2020-07-13 07:46:55', '2020-07-13 07:46:55', 'Often', 0.25),
(239, 60, '2020-07-13 07:46:55', '2020-07-13 07:46:55', 'Rarely', 0.75),
(240, 60, '2020-07-13 07:46:55', '2020-07-13 07:46:55', 'Never', 1.00),
(241, 61, '2020-07-13 07:55:56', '2020-07-13 07:55:56', 'Most of the time', 1.00),
(242, 61, '2020-07-13 07:55:56', '2020-07-13 07:55:56', 'Often', 0.75),
(243, 61, '2020-07-13 07:55:56', '2020-07-13 07:55:56', 'Rarely', 0.25),
(244, 61, '2020-07-13 07:55:56', '2020-07-13 07:55:56', 'Never', 0.00),
(245, 62, '2020-07-13 07:57:08', '2020-07-13 07:57:08', 'Most of the time', 1.00),
(246, 62, '2020-07-13 07:57:08', '2020-07-13 07:57:08', 'Often', 0.75),
(247, 62, '2020-07-13 07:57:08', '2020-07-13 07:57:08', 'Rarely', 0.25),
(248, 62, '2020-07-13 07:57:08', '2020-07-13 07:57:08', 'Never', 0.00),
(249, 63, '2020-07-13 07:58:16', '2020-07-13 07:58:16', 'Most of the time', 0.00),
(250, 63, '2020-07-13 07:58:16', '2020-07-13 07:58:16', 'Often', 0.25),
(251, 63, '2020-07-13 07:58:16', '2020-07-13 07:58:16', 'Rarely', 0.75),
(252, 63, '2020-07-13 07:58:16', '2020-07-13 07:58:16', 'Not at all', 1.00),
(253, 64, '2020-07-13 07:59:06', '2020-07-13 07:59:06', 'Most of the time', 0.00),
(254, 64, '2020-07-13 07:59:06', '2020-07-13 07:59:06', 'Often', 0.25),
(255, 64, '2020-07-13 07:59:06', '2020-07-13 07:59:06', 'Rarely', 0.75),
(256, 64, '2020-07-13 07:59:06', '2020-07-13 07:59:06', 'Never', 1.00),
(257, 65, '2020-07-13 08:00:29', '2020-07-13 08:00:29', 'Most of the time', 0.00),
(258, 65, '2020-07-13 08:00:29', '2020-07-13 08:00:29', 'Often', 0.25),
(259, 65, '2020-07-13 08:00:29', '2020-07-13 08:00:29', 'Rarely', 0.75),
(260, 65, '2020-07-13 08:00:29', '2020-07-13 08:00:29', 'Never', 1.00),
(261, 66, '2020-07-13 08:01:05', '2020-07-13 08:01:05', 'Most of the time', 0.00),
(262, 66, '2020-07-13 08:01:05', '2020-07-13 08:01:05', 'Often', 0.25),
(263, 66, '2020-07-13 08:01:05', '2020-07-13 08:01:05', 'Rarely', 0.75),
(264, 66, '2020-07-13 08:01:05', '2020-07-13 08:01:05', 'Never', 1.00),
(265, 67, '2020-07-13 08:04:20', '2020-07-13 08:04:20', 'Most of the time', 1.00),
(266, 67, '2020-07-13 08:04:20', '2020-07-13 08:04:20', 'Often', 0.75),
(267, 67, '2020-07-13 08:04:20', '2020-07-13 08:04:20', 'Rarely', 0.25),
(268, 67, '2020-07-13 08:04:20', '2020-07-13 08:04:20', 'Never', 0.00),
(269, 68, '2020-07-13 08:04:58', '2020-07-13 08:04:58', 'Most of the time', 1.00),
(270, 68, '2020-07-13 08:04:58', '2020-07-13 08:04:58', 'Often', 0.75),
(271, 68, '2020-07-13 08:04:59', '2020-07-13 08:04:59', 'Rarely', 0.25),
(272, 68, '2020-07-13 08:04:59', '2020-07-13 08:04:59', 'Never', 0.00),
(273, 69, '2020-07-13 08:06:09', '2020-07-13 08:06:09', 'Most of the time', 1.00),
(274, 69, '2020-07-13 08:06:09', '2020-07-13 08:06:09', 'Often', 0.75),
(275, 69, '2020-07-13 08:06:09', '2020-07-13 08:06:09', 'Rarely', 0.25),
(276, 69, '2020-07-13 08:06:09', '2020-07-13 08:06:09', 'Never', 0.00),
(277, 70, '2020-07-13 08:07:14', '2020-07-13 08:07:14', 'Most of the time', 0.00),
(278, 70, '2020-07-13 08:07:15', '2020-07-13 08:07:15', 'Often', 0.25),
(279, 70, '2020-07-13 08:07:15', '2020-07-13 08:07:15', 'Rarely', 0.50),
(280, 70, '2020-07-13 08:07:15', '2020-07-13 08:07:15', 'Never', 0.75),
(281, 71, '2020-07-13 08:07:58', '2020-07-13 08:07:58', 'Most of the time', 0.00),
(282, 71, '2020-07-13 08:07:58', '2020-07-13 08:07:58', 'Often', 0.25),
(283, 71, '2020-07-13 08:07:58', '2020-07-13 08:07:58', 'Rarely', 0.75),
(284, 71, '2020-07-13 08:07:58', '2020-07-13 08:07:58', 'Never', 1.00),
(285, 72, '2020-07-13 08:08:29', '2020-07-13 08:08:29', 'Most of the time', 1.00),
(286, 72, '2020-07-13 08:08:29', '2020-07-13 08:08:29', 'Often', 0.75),
(287, 72, '2020-07-13 08:08:29', '2020-07-13 08:08:29', 'Rarely', 0.25),
(288, 72, '2020-07-13 08:08:29', '2020-07-13 08:08:29', 'Never', 0.00),
(289, 73, '2020-07-13 08:09:13', '2020-07-13 08:09:13', 'Most of the time', 0.75),
(290, 73, '2020-07-13 08:09:13', '2020-07-13 08:09:13', 'Often', 0.50),
(291, 73, '2020-07-13 08:09:13', '2020-07-13 08:09:13', 'Rarely', 0.25),
(292, 73, '2020-07-13 08:09:13', '2020-07-13 08:09:13', 'Never', 0.00),
(293, 74, '2020-07-13 08:10:09', '2020-07-13 08:10:09', 'Most of the time', 0.00),
(294, 74, '2020-07-13 08:10:09', '2020-07-13 08:10:09', 'Often', 0.25),
(295, 74, '2020-07-13 08:10:09', '2020-07-13 08:10:09', 'Rarely', 0.75),
(296, 74, '2020-07-13 08:10:09', '2020-07-13 08:10:09', 'Never', 1.00),
(297, 75, '2020-07-13 08:11:59', '2020-07-13 08:11:59', 'Most of the time', 0.00),
(298, 75, '2020-07-13 08:11:59', '2020-07-13 08:11:59', 'Often', 0.25),
(299, 75, '2020-07-13 08:11:59', '2020-07-13 08:11:59', 'Rarely', 0.75),
(300, 75, '2020-07-13 08:11:59', '2020-07-13 08:11:59', 'Never', 1.00),
(301, 76, '2020-07-13 08:14:01', '2020-07-13 08:14:01', 'Most of the time', 0.00),
(302, 76, '2020-07-13 08:14:01', '2020-07-13 08:14:01', 'Often', 0.25),
(303, 76, '2020-07-13 08:14:01', '2020-07-13 08:14:01', 'Rarely', 0.75),
(304, 76, '2020-07-13 08:14:01', '2020-07-13 08:14:01', 'Never', 1.00),
(305, 77, '2020-07-13 08:14:49', '2020-07-13 08:14:49', 'Most of the time', 0.00),
(306, 77, '2020-07-13 08:14:49', '2020-07-13 08:14:49', 'Often', 0.25),
(307, 77, '2020-07-13 08:14:49', '2020-07-13 08:14:49', 'Rarely', 0.75),
(308, 77, '2020-07-13 08:14:49', '2020-07-13 08:14:49', 'Never', 1.00),
(309, 78, '2020-07-13 08:15:23', '2020-07-13 08:15:23', 'Most of the time', 0.00),
(310, 78, '2020-07-13 08:15:23', '2020-07-13 08:15:23', 'Often', 0.25),
(311, 78, '2020-07-13 08:15:23', '2020-07-13 08:15:23', 'Rarely', 0.75),
(312, 78, '2020-07-13 08:15:23', '2020-07-13 08:15:23', 'Not at all', 1.00),
(313, 79, '2020-07-13 08:16:25', '2020-07-13 08:16:25', 'Most of the time', 1.00),
(314, 79, '2020-07-13 08:16:25', '2020-07-13 08:16:25', 'Often', 0.75),
(315, 79, '2020-07-13 08:16:25', '2020-07-13 08:16:25', 'Rarely', 0.25),
(316, 79, '2020-07-13 08:16:25', '2020-07-13 08:16:25', 'Never', 0.00),
(317, 80, '2020-07-13 08:17:00', '2020-07-13 08:17:00', 'Most of the time', 0.00),
(318, 80, '2020-07-13 08:17:00', '2020-07-13 08:17:00', 'Often', 0.25),
(319, 80, '2020-07-13 08:17:00', '2020-07-13 08:17:00', 'Rarely', 0.75),
(320, 80, '2020-07-13 08:17:00', '2020-07-13 08:17:00', 'Never', 1.00),
(321, 81, '2020-07-13 08:18:02', '2020-07-13 08:18:02', 'Most of the time', 1.00),
(322, 81, '2020-07-13 08:18:02', '2020-07-13 08:18:02', 'Often', 0.75),
(323, 81, '2020-07-13 08:18:02', '2020-07-13 08:18:02', 'Rarely', 0.25),
(324, 81, '2020-07-13 08:18:02', '2020-07-13 08:18:02', 'Never', 0.00),
(325, 82, '2020-07-13 08:18:37', '2020-07-13 08:18:37', 'Most of the time', 0.00),
(326, 82, '2020-07-13 08:18:37', '2020-07-13 08:18:37', 'Often', 0.25),
(327, 82, '2020-07-13 08:18:37', '2020-07-13 08:18:37', 'Rarely', 0.75),
(328, 82, '2020-07-13 08:18:37', '2020-07-13 08:18:37', 'Never', 1.00),
(329, 83, '2020-07-13 08:19:21', '2020-07-13 08:19:21', 'Most of the time', 0.00),
(330, 83, '2020-07-13 08:19:21', '2020-07-13 08:19:21', 'Often', 0.25),
(331, 83, '2020-07-13 08:19:21', '2020-07-13 08:19:21', 'Rarely', 0.75),
(332, 83, '2020-07-13 08:19:21', '2020-07-13 08:19:21', 'Never', 1.00),
(333, 84, '2020-07-13 08:20:07', '2020-07-13 08:20:07', 'Most of the time', 0.00),
(334, 84, '2020-07-13 08:20:07', '2020-07-13 08:20:07', 'Often', 0.25),
(335, 84, '2020-07-13 08:20:07', '2020-07-13 08:20:07', 'Rarely', 0.75),
(336, 84, '2020-07-13 08:20:07', '2020-07-13 08:20:07', 'Never', 1.00),
(337, 85, '2020-07-13 08:20:54', '2020-07-13 08:20:54', 'Most of the time', 0.00),
(338, 85, '2020-07-13 08:20:54', '2020-07-13 08:20:54', 'Often', 0.25),
(339, 85, '2020-07-13 08:20:54', '2020-07-13 08:20:54', 'Rarely', 0.75),
(340, 85, '2020-07-13 08:20:54', '2020-07-13 08:20:54', 'Never', 1.00),
(341, 86, '2020-07-13 08:21:43', '2020-07-13 08:21:43', 'Most of the time', 0.00),
(342, 86, '2020-07-13 08:21:43', '2020-07-13 08:21:43', 'Often', 0.25),
(343, 86, '2020-07-13 08:21:43', '2020-07-13 08:21:43', 'Rarely', 0.75),
(344, 86, '2020-07-13 08:21:43', '2020-07-13 08:21:43', 'Not at all', 1.00),
(345, 87, '2020-07-13 08:22:27', '2020-07-13 08:22:27', 'Most of the time', 1.00),
(346, 87, '2020-07-13 08:22:27', '2020-07-13 08:22:27', 'Often', 0.75),
(347, 87, '2020-07-13 08:22:27', '2020-07-13 08:22:27', 'Rarely', 0.25),
(348, 87, '2020-07-13 08:22:27', '2020-07-13 08:22:27', 'Never', 0.00),
(349, 88, '2020-07-13 08:23:35', '2020-07-13 08:23:35', 'Most of the time', 1.00),
(350, 88, '2020-07-13 08:23:35', '2020-07-13 08:23:35', 'Often', 0.75),
(351, 88, '2020-07-13 08:23:35', '2020-07-13 08:23:35', 'Rarely', 0.25),
(352, 88, '2020-07-13 08:23:35', '2020-07-13 08:23:35', 'Never', 0.00),
(353, 89, '2020-07-13 08:24:50', '2020-07-13 08:24:50', 'Most of the time', 0.00),
(354, 89, '2020-07-13 08:24:50', '2020-07-13 08:24:50', 'Often', 0.25),
(355, 89, '2020-07-13 08:24:50', '2020-07-13 08:24:50', 'Rarely', 0.75),
(356, 89, '2020-07-13 08:24:50', '2020-07-13 08:24:50', 'Not at all', 1.00),
(357, 90, '2020-07-13 08:26:06', '2020-07-13 08:26:06', 'Most of the time', 0.00),
(358, 90, '2020-07-13 08:26:06', '2020-07-13 08:26:06', 'Often', 0.25),
(359, 90, '2020-07-13 08:26:06', '2020-07-13 08:26:06', 'Rarely', 0.75),
(360, 90, '2020-07-13 08:26:06', '2020-07-13 08:26:06', 'Never', 1.00),
(361, 91, '2020-07-13 12:31:17', '2020-07-13 12:31:17', 'Most of the time', 0.00),
(362, 91, '2020-07-13 12:31:17', '2020-07-13 12:31:17', 'Often', 0.25),
(363, 91, '2020-07-13 12:31:18', '2020-07-13 12:31:18', 'Rarely', 0.75),
(364, 91, '2020-07-13 12:31:18', '2020-07-13 12:31:18', 'Not at all', 1.00),
(365, 92, '2020-07-13 12:32:34', '2020-07-13 12:32:34', 'Extremely likely', 1.00),
(366, 92, '2020-07-13 12:32:34', '2020-07-13 12:32:34', 'Quite likely', 0.75),
(367, 92, '2020-07-13 12:32:34', '2020-07-13 12:32:34', 'Quite unlikely', 0.25),
(368, 92, '2020-07-13 12:32:34', '2020-07-13 12:32:34', 'Extremely unlikely', 0.00),
(369, 93, '2020-07-13 12:35:58', '2020-07-13 12:35:58', 'Most of the time', 0.00),
(370, 93, '2020-07-13 12:35:58', '2020-07-13 12:35:58', 'Often', 0.25),
(371, 93, '2020-07-13 12:35:58', '2020-07-13 12:35:58', 'Rarely', 0.75),
(372, 93, '2020-07-13 12:35:58', '2020-07-13 12:35:58', 'Not at all', 1.00),
(373, 94, '2020-07-13 12:36:56', '2020-07-13 12:36:56', 'Most of the time', 1.00),
(374, 94, '2020-07-13 12:36:56', '2020-07-13 12:36:56', 'Often', 0.75),
(375, 94, '2020-07-13 12:36:56', '2020-07-13 12:36:56', 'Rarely', 0.25),
(376, 94, '2020-07-13 12:36:57', '2020-07-13 12:36:57', 'Never', 0.00),
(377, 95, '2020-07-13 12:38:19', '2020-07-13 12:38:19', 'Most of the time', 0.00),
(378, 95, '2020-07-13 12:38:19', '2020-07-13 12:38:19', 'Often', 0.25),
(379, 95, '2020-07-13 12:38:19', '2020-07-13 12:38:19', 'Rarely', 0.75),
(380, 95, '2020-07-13 12:38:19', '2020-07-13 12:38:19', 'Never', 1.00),
(381, 96, '2020-07-13 12:40:20', '2020-07-13 12:40:20', 'Half an hour or less', 0.25),
(382, 96, '2020-07-13 12:40:20', '2020-07-13 12:40:20', 'An hour', 0.50),
(383, 96, '2020-07-13 12:40:20', '2020-07-13 12:40:20', 'More than an hour', 0.75),
(384, 96, '2020-07-13 12:40:20', '2020-07-13 12:40:20', 'I don\'t take naps', 1.00),
(385, 97, '2020-07-13 12:42:41', '2020-07-13 12:42:41', 'Most of the time', 1.00),
(386, 97, '2020-07-13 12:42:41', '2020-07-13 12:42:41', 'Often', 0.75),
(387, 97, '2020-07-13 12:42:41', '2020-07-13 12:42:41', 'Rarely', 0.25),
(388, 97, '2020-07-13 12:42:41', '2020-07-13 12:42:41', 'Never', 0.00),
(389, 98, '2020-07-13 12:44:30', '2020-07-13 12:44:30', 'Most of the time', 0.00),
(390, 98, '2020-07-13 12:44:30', '2020-07-13 12:44:30', 'Often', 0.25),
(391, 98, '2020-07-13 12:44:30', '2020-07-13 12:44:30', 'Rarely', 0.75),
(392, 98, '2020-07-13 12:44:30', '2020-07-13 12:44:30', 'Never', 1.00),
(393, 99, '2020-07-13 12:45:44', '2020-07-13 12:45:44', 'Most of the time', 1.00),
(394, 99, '2020-07-13 12:45:44', '2020-07-13 12:45:44', 'Often', 0.75),
(395, 99, '2020-07-13 12:45:44', '2020-07-13 12:45:44', 'Rarely', 0.25),
(396, 99, '2020-07-13 12:45:44', '2020-07-13 12:45:44', 'Never', 0.00),
(397, 100, '2020-07-13 12:46:42', '2020-07-13 12:46:42', 'Most of the time', 0.00),
(398, 100, '2020-07-13 12:46:42', '2020-07-13 12:46:42', 'Often', 0.25),
(399, 100, '2020-07-13 12:46:42', '2020-07-13 12:46:42', 'Rarely', 0.75),
(400, 100, '2020-07-13 12:46:42', '2020-07-13 12:46:42', 'Never', 1.00),
(401, 101, '2020-07-13 12:47:57', '2020-07-13 12:47:57', 'Most of the time', 0.00),
(402, 101, '2020-07-13 12:47:58', '2020-07-13 12:47:58', 'Often', 0.25),
(403, 101, '2020-07-13 12:47:58', '2020-07-13 12:47:58', 'Rarely', 0.75),
(404, 101, '2020-07-13 12:47:58', '2020-07-13 12:47:58', 'Never', 1.00),
(405, 102, '2020-07-13 12:48:55', '2020-07-13 12:48:55', 'Most of the time', 1.00),
(406, 102, '2020-07-13 12:48:55', '2020-07-13 12:48:55', 'Often', 0.75),
(407, 102, '2020-07-13 12:48:55', '2020-07-13 12:48:55', 'Rarely', 0.25),
(408, 102, '2020-07-13 12:48:55', '2020-07-13 12:48:55', 'Never', 0.00),
(409, 103, '2020-07-13 12:49:45', '2020-07-13 12:49:45', 'Most of the time', 1.00),
(410, 103, '2020-07-13 12:49:45', '2020-07-13 12:49:45', 'Often', 0.75),
(411, 103, '2020-07-13 12:49:45', '2020-07-13 12:49:45', 'Rarely', 0.25),
(412, 103, '2020-07-13 12:49:45', '2020-07-13 12:49:45', 'Never', 0.00),
(413, 104, '2020-07-13 12:51:08', '2020-07-13 12:51:08', 'Most of the time', 1.00),
(414, 104, '2020-07-13 12:51:08', '2020-07-13 12:51:08', 'Often', 0.75),
(415, 104, '2020-07-13 12:51:08', '2020-07-13 12:51:08', 'Rarely', 0.25),
(416, 104, '2020-07-13 12:51:08', '2020-07-13 12:51:08', 'Never', 0.00),
(417, 105, '2020-07-13 12:52:39', '2020-07-13 12:52:39', 'Most of the time', 1.00),
(418, 105, '2020-07-13 12:52:39', '2020-07-13 12:52:39', 'Often', 0.75),
(419, 105, '2020-07-13 12:52:39', '2020-07-13 12:52:39', 'Rarely', 0.25),
(420, 105, '2020-07-13 12:52:40', '2020-07-13 12:52:40', 'Never', 0.00),
(421, 106, '2020-07-13 12:56:42', '2020-07-13 12:56:42', 'Most of the time', 0.00),
(422, 106, '2020-07-13 12:56:42', '2020-07-13 12:56:42', 'Often', 0.25),
(423, 106, '2020-07-13 12:56:42', '2020-07-13 12:56:42', 'Rarely', 0.75),
(424, 106, '2020-07-13 12:56:42', '2020-07-13 12:56:42', 'Never', 1.00),
(425, 107, '2020-07-13 12:57:22', '2020-07-13 12:57:22', 'Most of the time', 0.00),
(426, 107, '2020-07-13 12:57:22', '2020-07-13 12:57:22', 'Often', 0.25),
(427, 107, '2020-07-13 12:57:22', '2020-07-13 12:57:22', 'Rarely', 0.75),
(428, 107, '2020-07-13 12:57:22', '2020-07-13 12:57:22', 'Never', 1.00),
(429, 108, '2020-07-13 12:58:16', '2020-07-13 12:58:16', 'Most of the time', 1.00),
(430, 108, '2020-07-13 12:58:16', '2020-07-13 12:58:16', 'Often', 0.75),
(431, 108, '2020-07-13 12:58:16', '2020-07-13 12:58:16', 'Rarely', 0.25),
(432, 108, '2020-07-13 12:58:16', '2020-07-13 12:58:16', 'Never', 0.00),
(433, 109, '2020-07-13 12:59:23', '2020-07-13 12:59:23', 'Most of the time', 1.00),
(434, 109, '2020-07-13 12:59:23', '2020-07-13 12:59:23', 'Often', 0.75),
(435, 109, '2020-07-13 12:59:23', '2020-07-13 12:59:23', 'Rarely', 0.50),
(436, 109, '2020-07-13 12:59:23', '2020-07-13 12:59:23', 'Never', 0.00),
(437, 110, '2020-07-13 13:00:09', '2020-07-13 13:00:09', 'Most of the time', 1.00),
(438, 110, '2020-07-13 13:00:09', '2020-07-13 13:00:09', 'Often', 0.75),
(439, 110, '2020-07-13 13:00:10', '2020-07-13 13:00:10', 'Rarely', 0.25),
(440, 110, '2020-07-13 13:00:10', '2020-07-13 13:00:10', 'Never', 0.00),
(441, 111, '2020-07-13 13:00:58', '2020-07-13 13:00:58', 'Most of the time', 1.00),
(442, 111, '2020-07-13 13:00:58', '2020-07-13 13:00:58', 'Often', 0.75),
(443, 111, '2020-07-13 13:00:58', '2020-07-13 13:00:58', 'Rarely', 0.25),
(444, 111, '2020-07-13 13:00:58', '2020-07-13 13:00:58', 'Never', 0.00),
(445, 112, '2020-07-13 13:01:44', '2020-07-13 13:01:44', 'Most of the time', 0.00),
(446, 112, '2020-07-13 13:01:44', '2020-07-13 13:01:44', 'Often', 0.25),
(447, 112, '2020-07-13 13:01:44', '2020-07-13 13:01:44', 'Rarely', 0.75),
(448, 112, '2020-07-13 13:01:44', '2020-07-13 13:01:44', 'Never', 1.00),
(449, 113, '2020-07-13 13:02:49', '2020-07-13 13:02:49', 'Most of the time', 1.00),
(450, 113, '2020-07-13 13:02:49', '2020-07-13 13:02:49', 'Often', 0.75),
(451, 113, '2020-07-13 13:02:49', '2020-07-13 13:02:49', 'Rarely', 0.25),
(452, 113, '2020-07-13 13:02:49', '2020-07-13 13:02:49', 'Not at all', 0.00),
(453, 114, '2020-07-13 13:03:25', '2020-07-13 13:03:25', 'Most of the time', 1.00),
(454, 114, '2020-07-13 13:03:25', '2020-07-13 13:03:25', 'Often', 0.75),
(455, 114, '2020-07-13 13:03:25', '2020-07-13 13:03:25', 'Rarely', 0.25),
(456, 114, '2020-07-13 13:03:25', '2020-07-13 13:03:25', 'Never', 0.00),
(457, 115, '2020-07-13 13:03:59', '2020-07-13 13:03:59', 'Most of the time', 1.00),
(458, 115, '2020-07-13 13:03:59', '2020-07-13 13:03:59', 'Often', 0.75),
(459, 115, '2020-07-13 13:03:59', '2020-07-13 13:03:59', 'Rarely', 0.25),
(460, 115, '2020-07-13 13:04:00', '2020-07-13 13:04:00', 'Not at all', 0.00),
(461, 116, '2020-07-13 13:04:41', '2020-07-13 13:04:41', 'Most of the time', 0.00),
(462, 116, '2020-07-13 13:04:41', '2020-07-13 13:04:41', 'Often', 0.25),
(463, 116, '2020-07-13 13:04:41', '2020-07-13 13:04:41', 'Rarely', 0.75),
(464, 116, '2020-07-13 13:04:41', '2020-07-13 13:04:41', 'Never', 1.00),
(465, 117, '2020-07-13 13:05:17', '2020-07-13 13:05:17', 'Most of the time', 0.00),
(466, 117, '2020-07-13 13:05:17', '2020-07-13 13:05:17', 'Often', 0.25),
(467, 117, '2020-07-13 13:05:17', '2020-07-13 13:05:17', 'Rarely', 0.75),
(468, 117, '2020-07-13 13:05:17', '2020-07-13 13:05:17', 'Never', 1.00),
(469, 118, '2020-07-13 13:05:54', '2020-07-13 13:05:54', 'Most of the time', 1.00),
(470, 118, '2020-07-13 13:05:54', '2020-07-13 13:05:54', 'Often', 0.75),
(471, 118, '2020-07-13 13:05:54', '2020-07-13 13:05:54', 'Rarely', 0.25),
(472, 118, '2020-07-13 13:05:54', '2020-07-13 13:05:54', 'Not at all', 0.00),
(473, 119, '2020-07-13 13:07:00', '2020-07-13 13:07:00', 'Most of the time', 1.00),
(474, 119, '2020-07-13 13:07:00', '2020-07-13 13:07:00', 'Often', 0.75),
(475, 119, '2020-07-13 13:07:00', '2020-07-13 13:07:00', 'Rarely', 0.25),
(476, 119, '2020-07-13 13:07:00', '2020-07-13 13:07:00', 'Not at all', 0.00),
(477, 120, '2020-07-13 13:07:43', '2020-07-13 13:07:43', 'Most of the time', 0.00),
(478, 120, '2020-07-13 13:07:43', '2020-07-13 13:07:43', 'Often', 0.25),
(479, 120, '2020-07-13 13:07:43', '2020-07-13 13:07:43', 'Rarely', 0.75),
(480, 120, '2020-07-13 13:07:43', '2020-07-13 13:07:43', 'Never', 1.00),
(481, 121, '2020-07-13 13:09:52', '2020-07-13 13:09:52', 'Most of the time', 0.00),
(482, 121, '2020-07-13 13:09:52', '2020-07-13 13:09:52', 'Often', 0.25),
(483, 121, '2020-07-13 13:09:52', '2020-07-13 13:09:52', 'Rarely', 0.75),
(484, 121, '2020-07-13 13:09:52', '2020-07-13 13:09:52', 'Never', 1.00),
(485, 122, '2020-07-13 13:10:27', '2020-07-13 13:10:27', 'Most of the time', 0.00),
(486, 122, '2020-07-13 13:10:27', '2020-07-13 13:10:27', 'Often', 0.25),
(487, 122, '2020-07-13 13:10:27', '2020-07-13 13:10:27', 'Rarely', 0.75),
(488, 122, '2020-07-13 13:10:28', '2020-07-13 13:10:28', 'Never', 1.00),
(489, 123, '2020-07-13 13:10:58', '2020-07-13 13:10:58', 'Most of the time', 0.00),
(490, 123, '2020-07-13 13:10:58', '2020-07-13 13:10:58', 'Often', 0.25),
(491, 123, '2020-07-13 13:10:58', '2020-07-13 13:10:58', 'Rarely', 0.75),
(492, 123, '2020-07-13 13:10:58', '2020-07-13 13:10:58', 'Never', 1.00),
(493, 124, '2020-07-13 13:11:29', '2020-07-13 13:11:29', 'Most of the time', 0.00),
(494, 124, '2020-07-13 13:11:29', '2020-07-13 13:11:29', 'Often', 0.25),
(495, 124, '2020-07-13 13:11:29', '2020-07-13 13:11:29', 'Rarely', 0.75),
(496, 124, '2020-07-13 13:11:29', '2020-07-13 13:11:29', 'Never', 1.00),
(497, 125, '2020-07-13 13:11:58', '2020-07-13 13:11:58', 'Most of the time', 0.00),
(498, 125, '2020-07-13 13:11:58', '2020-07-13 13:11:58', 'Often', 0.25),
(499, 125, '2020-07-13 13:11:58', '2020-07-13 13:11:58', 'Rarely', 0.75),
(500, 125, '2020-07-13 13:11:58', '2020-07-13 13:11:58', 'Never', 1.00),
(501, 126, '2020-07-13 13:12:29', '2020-07-13 13:12:29', 'Most of the time', 0.00),
(502, 126, '2020-07-13 13:12:29', '2020-07-13 13:12:29', 'Often', 0.25),
(503, 126, '2020-07-13 13:12:29', '2020-07-13 13:12:29', 'Rarely', 0.75),
(504, 126, '2020-07-13 13:12:29', '2020-07-13 13:12:29', 'Never', 1.00),
(505, 127, '2020-07-13 13:13:06', '2020-07-13 13:13:06', 'Most of the time', 0.00),
(506, 127, '2020-07-13 13:13:06', '2020-07-13 13:13:06', 'Often', 0.25),
(507, 127, '2020-07-13 13:13:06', '2020-07-13 13:13:06', 'Rarely', 0.75),
(508, 127, '2020-07-13 13:13:06', '2020-07-13 13:13:06', 'Never', 1.00),
(509, 128, '2020-07-13 13:13:47', '2020-07-13 13:13:47', 'Most of the time', 0.00),
(510, 128, '2020-07-13 13:13:47', '2020-07-13 13:13:47', 'Often', 0.25),
(511, 128, '2020-07-13 13:13:47', '2020-07-13 13:13:47', 'Rarely', 0.75),
(512, 128, '2020-07-13 13:13:47', '2020-07-13 13:13:47', 'Never', 1.00),
(513, 129, '2020-07-13 13:14:29', '2020-07-13 13:14:29', 'Most of the time', 0.00),
(514, 129, '2020-07-13 13:14:29', '2020-07-13 13:14:29', 'Often', 0.25),
(515, 129, '2020-07-13 13:14:29', '2020-07-13 13:14:29', 'Rarely', 0.75),
(516, 129, '2020-07-13 13:14:30', '2020-07-13 13:14:30', 'Never', 1.00),
(517, 130, '2020-07-13 13:15:06', '2020-07-13 13:15:06', 'Most of the time', 0.00),
(518, 130, '2020-07-13 13:15:06', '2020-07-13 13:15:06', 'Often', 0.25),
(519, 130, '2020-07-13 13:15:06', '2020-07-13 13:15:06', 'Rarely', 0.75),
(520, 130, '2020-07-13 13:15:06', '2020-07-13 13:15:06', 'Never', 1.00),
(521, 131, '2020-07-13 13:15:44', '2020-07-13 13:15:44', 'Most of the time', 0.00),
(522, 131, '2020-07-13 13:15:44', '2020-07-13 13:15:44', 'Often', 0.25),
(523, 131, '2020-07-13 13:15:44', '2020-07-13 13:15:44', 'Rarely', 0.75),
(524, 131, '2020-07-13 13:15:44', '2020-07-13 13:15:44', 'Never', 1.00),
(525, 132, '2020-07-13 13:16:19', '2020-07-13 13:16:19', 'Most of the time', 0.00),
(526, 132, '2020-07-13 13:16:19', '2020-07-13 13:16:19', 'Often', 0.25),
(527, 132, '2020-07-13 13:16:19', '2020-07-13 13:16:19', 'Rarely', 0.75),
(528, 132, '2020-07-13 13:16:19', '2020-07-13 13:16:19', 'Never', 1.00),
(529, 133, '2020-07-13 13:17:45', '2020-07-13 13:17:45', 'Most of the time', 0.00),
(530, 133, '2020-07-13 13:17:46', '2020-07-13 13:17:46', 'Often', 0.25),
(531, 133, '2020-07-13 13:17:46', '2020-07-13 13:17:46', 'Rarely', 0.75),
(532, 133, '2020-07-13 13:17:46', '2020-07-13 13:17:46', 'Never', 1.00),
(533, 134, '2020-07-13 13:18:22', '2020-07-13 13:18:22', 'Most of the time', 0.00),
(534, 134, '2020-07-13 13:18:22', '2020-07-13 13:18:22', 'Often', 0.25),
(535, 134, '2020-07-13 13:18:22', '2020-07-13 13:18:22', 'Rarely', 0.75),
(536, 134, '2020-07-13 13:18:22', '2020-07-13 13:18:22', 'Never', 1.00),
(537, 135, '2020-07-13 13:18:52', '2020-07-13 13:18:52', 'Most of the time', 0.00),
(538, 135, '2020-07-13 13:18:52', '2020-07-13 13:18:52', 'Often', 0.25),
(539, 135, '2020-07-13 13:18:52', '2020-07-13 13:18:52', 'Rarely', 0.75),
(540, 135, '2020-07-13 13:18:52', '2020-07-13 13:18:52', 'Never', 1.00);

-- --------------------------------------------------------

--
-- Table structure for table `appointments`
--

CREATE TABLE `appointments` (
  `id` bigint UNSIGNED NOT NULL,
  `name` varchar(100) CHARACTER SET utf8mb4 COLLATE utf8mb4_unicode_ci NOT NULL,
  `email` varchar(100) CHARACTER SET utf8mb4 COLLATE utf8mb4_unicode_ci NOT NULL,
  `phone` text CHARACTER SET utf8mb4 COLLATE utf8mb4_unicode_ci NOT NULL,
  `timings` text CHARACTER SET utf8mb4 COLLATE utf8mb4_unicode_ci NOT NULL,
  `message` text CHARACTER SET utf8mb4 COLLATE utf8mb4_unicode_ci NOT NULL,
  `is_Completed` tinyint(1) NOT NULL DEFAULT '0',
  `user_id` bigint UNSIGNED NOT NULL,
  `volunteer_id` bigint UNSIGNED DEFAULT NULL,
  `created_at` timestamp NULL DEFAULT NULL,
  `updated_at` timestamp NULL DEFAULT NULL
) ENGINE=InnoDB DEFAULT CHARSET=utf8mb4 COLLATE=utf8mb4_unicode_ci;

--
-- Dumping data for table `appointments`
--

INSERT INTO `appointments` (`id`, `name`, `email`, `phone`, `timings`, `message`, `is_Completed`, `user_id`, `volunteer_id`, `created_at`, `updated_at`) VALUES
(2, 'saikrishna', 'saikrishna62892@gmail.com', '09553843804', '2020-07-13T13:37', 'About my mental health', 0, 13, 1, '2020-07-13 08:09:10', '2020-07-13 08:12:11'),
(3, 'sai krishna', 'saikrishna62892@gmail.com', '9553843804', '2020-07-15T19:21', 'About Mental health', 0, 13, 1, '2020-07-15 13:51:05', '2020-07-15 13:58:46'),
(4, 'MUNGA JOHN BENYEN', 'johnbenyen162@gmail.com', '08289971409', '2020-07-15T20:27', 'Nothing', 0, 13, 3, '2020-07-15 14:57:09', '2020-07-15 14:58:53'),
(5, 'Gudipati Rama Krishna', 'rkgudipati461@gmail.com', '09948602311', '2020-07-15T20:52', 'Nope', 0, 13, 3, '2020-07-15 15:21:54', '2020-07-15 15:24:30');

-- --------------------------------------------------------

--
-- Table structure for table `comments`
--

CREATE TABLE `comments` (
  `id` bigint UNSIGNED NOT NULL,
  `user_id` bigint UNSIGNED NOT NULL,
  `learn_id` bigint UNSIGNED NOT NULL,
  `created_at` timestamp NULL DEFAULT NULL,
  `updated_at` timestamp NULL DEFAULT NULL,
  `comment` varchar(255) COLLATE utf8mb4_unicode_ci DEFAULT NULL
) ENGINE=InnoDB DEFAULT CHARSET=utf8mb4 COLLATE=utf8mb4_unicode_ci;

--
-- Dumping data for table `comments`
--

INSERT INTO `comments` (`id`, `user_id`, `learn_id`, `created_at`, `updated_at`, `comment`) VALUES
(4, 13, 1, '2020-07-12 17:31:27', '2020-07-12 17:31:27', 'awesome content'),
(5, 13, 1, '2020-07-15 13:30:15', '2020-07-15 13:30:15', 'Very Informative');

-- --------------------------------------------------------

--
-- Table structure for table `customers`
--

CREATE TABLE `customers` (
  `id` bigint UNSIGNED NOT NULL,
  `name` varchar(255) CHARACTER SET utf8mb4 COLLATE utf8mb4_unicode_ci NOT NULL,
  `phone` int NOT NULL,
  `created_at` timestamp NULL DEFAULT NULL,
  `updated_at` timestamp NULL DEFAULT NULL
) ENGINE=InnoDB DEFAULT CHARSET=utf8mb4 COLLATE=utf8mb4_unicode_ci;

-- --------------------------------------------------------

--
-- Table structure for table `dialyquotes`
--

CREATE TABLE `dialyquotes` (
  `id` bigint UNSIGNED NOT NULL,
  `quote` varchar(255) CHARACTER SET utf8mb4 COLLATE utf8mb4_unicode_ci NOT NULL,
  `created_at` timestamp NULL DEFAULT NULL,
  `updated_at` timestamp NULL DEFAULT NULL
) ENGINE=InnoDB DEFAULT CHARSET=utf8mb4 COLLATE=utf8mb4_unicode_ci;

--
-- Dumping data for table `dialyquotes`
--

INSERT INTO `dialyquotes` (`id`, `quote`, `created_at`, `updated_at`) VALUES
(1, 'All is well...', NULL, NULL),
(2, 'You Are Not Alone', '2020-07-12 13:03:03', '2020-07-12 13:03:03');

-- --------------------------------------------------------

--
-- Table structure for table `diary`
--

CREATE TABLE `diary` (
  `title` text CHARACTER SET utf8mb4 COLLATE utf8mb4_unicode_ci NOT NULL,
  `content` text CHARACTER SET utf8mb4 COLLATE utf8mb4_unicode_ci NOT NULL,
  `category` varchar(255) CHARACTER SET utf8mb4 COLLATE utf8mb4_unicode_ci NOT NULL,
  `id` bigint UNSIGNED NOT NULL,
  `user_id` bigint UNSIGNED NOT NULL,
  `created_at` timestamp NULL DEFAULT NULL,
  `updated_at` timestamp NULL DEFAULT NULL
) ENGINE=InnoDB DEFAULT CHARSET=utf8mb4 COLLATE=utf8mb4_unicode_ci;

--
-- Dumping data for table `diary`
--

INSERT INTO `diary` (`title`, `content`, `category`, `id`, `user_id`, `created_at`, `updated_at`) VALUES
('title1', 'event content', 'Depression', 2, 13, '2020-07-13 15:56:30', '2020-07-13 15:56:30');

-- --------------------------------------------------------

--
-- Table structure for table `failed_jobs`
--

CREATE TABLE `failed_jobs` (
  `id` bigint UNSIGNED NOT NULL,
  `connection` text CHARACTER SET utf8mb4 COLLATE utf8mb4_unicode_ci NOT NULL,
  `queue` text CHARACTER SET utf8mb4 COLLATE utf8mb4_unicode_ci NOT NULL,
  `payload` longtext CHARACTER SET utf8mb4 COLLATE utf8mb4_unicode_ci NOT NULL,
  `exception` longtext CHARACTER SET utf8mb4 COLLATE utf8mb4_unicode_ci NOT NULL,
  `failed_at` timestamp NOT NULL DEFAULT CURRENT_TIMESTAMP
) ENGINE=InnoDB DEFAULT CHARSET=utf8mb4 COLLATE=utf8mb4_unicode_ci;

-- --------------------------------------------------------

--
-- Table structure for table `migrations`
--

CREATE TABLE `migrations` (
  `id` int UNSIGNED NOT NULL,
  `migration` varchar(255) CHARACTER SET utf8mb4 COLLATE utf8mb4_unicode_ci NOT NULL,
  `batch` int NOT NULL
) ENGINE=InnoDB DEFAULT CHARSET=utf8mb4 COLLATE=utf8mb4_unicode_ci;

--
-- Dumping data for table `migrations`
--

INSERT INTO `migrations` (`id`, `migration`, `batch`) VALUES
(1, '2020_06_23_174402_create_user_table', 1),
(2, '2014_10_12_000000_create_users_table', 2),
(3, '2014_10_12_100000_create_password_resets_table', 2),
(4, '2019_08_19_000000_create_failed_jobs_table', 2),
(5, '2020_06_20_044443_creates_customers_table', 2),
(6, '2020_06_22_012821_create_questionnaires_table', 2),
(7, '2020_06_22_013319_create_questions_table', 2),
(8, '2020_06_22_013351_create_answers_table', 2),
(9, '2020_06_22_040805_rename_columns_to_questionnaires_table', 2),
(10, '2020_06_22_050530_add_columns_to_questions_table', 2),
(11, '2020_06_22_050557_add_columns_to_answers_table', 2),
(12, '2020_06_22_113005_add_column_to_users_table', 2),
(13, '2020_06_23_052324_add_point_column_to_answers', 2),
(14, '2020_06_23_052906_create_surveys_table', 2),
(15, '2020_06_23_055559_add_foreign_key_to_questions', 2),
(16, '2020_06_23_055630_add_foreign_key_to_answers', 2),
(17, '2020_06_23_094950_add_awarded_points_column_to_surveys', 2),
(18, '2020_06_25_095346_create_appointment_table', 2),
(19, '2020_06_25_115114_create_suggestion_table', 2),
(20, '2020_06_26_081340_create_videos_table', 2),
(21, '2020_06_26_081751_create_subscriptions_table', 2),
(22, '2020_06_26_105241_create_notifications_table', 2),
(23, '2020_06_26_110845_add_ref_column_to_notifications', 2),
(24, '2020_06_27_165419_add_volunteer_columns_to_users_table', 3),
(25, '2020_06_27_175249_add_default_value_to_users_table', 3),
(26, '2020_06_27_180539_create_volunteers_table', 3),
(27, '2020_06_28_020202_add_foreign_key_to_volunteers_table', 3),
(28, '2020_06_28_050532_add_default_values_to_volunteers_table', 3),
(29, '2020_06_29_161144_drop_column_from_users_table', 3),
(30, '2020_06_29_161348_add_column_to_volunteers_table', 3),
(31, '2020_06_29_164742_creates_stories_table', 4),
(32, '2020_06_30_091539_create_news_table', 4),
(33, '2020_07_01_055030_add_default_value_to_queries_in_volunteers_table', 4),
(34, '2020_07_01_074127_add_default_to_is_approved_volunteers_table', 4),
(35, '2020_07_01_093314_create_diary_table', 4),
(36, '2020_07_01_110654_creates_talks_table', 4),
(37, '2020_07_01_153401_add_category_to_table', 4),
(38, '2020_07_01_155744_remove_date_from_diary', 4),
(39, '2020_07_01_174248_add_defaultvalue_to_isapproved_volunteer', 4),
(40, '2020_07_02_082320_create_quotes_table', 4),
(41, '2020_07_02_084529_create_comments_table', 4),
(42, '2020_07_03_072851_create_table_appointments_table', 4),
(43, '2020_07_03_091306_add__default_value_to_appointments_table', 4),
(44, '2020_07_03_122944_create_playlists_table', 4),
(45, '2020_07_03_132535_add_playlists_image_table', 4),
(46, '2020_07_03_190740_add_timestamps_to_quotes', 4),
(47, '2020_07_04_070942_add_googleid_table', 4),
(48, '2020_07_04_113440_add_facebookid_table', 4),
(49, '2020_07_05_230924_create_dialyquotes_table', 4),
(50, '2020_07_06_110946_create_worries_table', 5),
(51, '2020_07_07_133903_add_id_to_suggestion', 5),
(52, '2020_07_07_140233_create_subscriptions_table', 6),
(53, '2020_07_07_224643_add_checkins_to_users', 7),
(54, '2020_07_08_082227_add_default_values_zero_to_users_table', 7),
(55, '2020_07_08_093232_add_step2_done_column_to_users_table', 7),
(56, '2020_07_10_213306_add_foriegnkey_to_stories', 8),
(57, '2020_07_10_213634_add_foriegnkey_to_diary', 8),
(58, '2020_07_11_081059_add_foreign_key_to_subscriptions_table', 8),
(59, '2020_07_12_192138_add_comment_to_comments', 9),
(60, '2020_07_13_213314_create_surveys_table', 10),
(61, '2020_07_13_213825_create_surveys_table', 11),
(62, '2020_07_13_215302_create_surveys_table', 12);

-- --------------------------------------------------------

--
-- Table structure for table `news`
--

CREATE TABLE `news` (
  `id` bigint UNSIGNED NOT NULL,
  `image` mediumtext CHARACTER SET utf8mb4 COLLATE utf8mb4_unicode_ci,
  `source` varchar(255) CHARACTER SET utf8mb4 COLLATE utf8mb4_unicode_ci NOT NULL,
  `headline` text CHARACTER SET utf8mb4 COLLATE utf8mb4_unicode_ci NOT NULL,
  `content` text CHARACTER SET utf8mb4 COLLATE utf8mb4_unicode_ci NOT NULL,
  `newsurl` varchar(255) CHARACTER SET utf8mb4 COLLATE utf8mb4_unicode_ci NOT NULL,
  `created_at` timestamp NULL DEFAULT NULL,
  `updated_at` timestamp NULL DEFAULT NULL
) ENGINE=InnoDB DEFAULT CHARSET=utf8mb4 COLLATE=utf8mb4_unicode_ci;

--
-- Dumping data for table `news`
--

INSERT INTO `news` (`id`, `image`, `source`, `headline`, `content`, `newsurl`, `created_at`, `updated_at`) VALUES
(1, NULL, 'wikipedia', 'Social isolation', 'Social isolation is a state of complete or near-complete lack of contact between an individual and society. It differs from loneliness, which reflects temporary and involuntary lack of contact with other humans in the world. Social isolation can be an issue for individuals of any age, though symptoms may differ by age group. Social isolation has similar characteristics in both temporary instances and for those with a historical lifelong isolation cycle. All types of social isolation can include staying home for lengthy periods of time, having no communication with family, acquaintances or friends, and/or avoiding any contact with other humans when those opportunities do arise. social isolation over years and decades can be a chronic condition affecting all aspects of a person\'s existence. Social isolation can lead to feelings of loneliness, fear of others, or negative self-esteem. Lack of consistent human contact can also cause conflict with the (peripheral) friends the socially isolated person may occasionally talk to or cause problems with family members. The magnitude of risk associated with social isolation is comparable with that of cigarette smoking and other major biomedical and psycho-social risk factors. However, our understanding of how and why social isolation is risky for health or conversely how and why social ties and relationships are protective of health, still remains quite limited. In the case of mood-related isolation, the individual may isolate during a depressive episode only to \'surface\' when their mood improves. The individual may attempt to justify their reclusive or isolating behavior as enjoyable or comfortable. There can be an inner realization on the part of the individual that there is something wrong with their isolating responses which can lead to heightened anxiety. Relationships can be a struggle, as the individual may reconnect with others during a healthier mood only to return to an isolated state during a subsequent low or depressed mood.', 'https://en.wikipedia.org/wiki/Social_isolation', '2020-07-07 15:48:34', '2020-07-07 15:48:34'),
(2, '1594137129.jpg', 'tiny buddha', 'Fear of loss and how to overcome it?', 'Death is not the greatest loss in life. The greatest loss is what dies inside us while we live. ~Norman Cousins Overcome fear of loss: 1. Ask yourself, What am I scared of losing? This may seem like an obvious question, but Ive learned that its all too easy to go through our days, making choices, without recognizing the underlying feelings that motivate them. Whenever you have a choice to make, recognize in what way youre motivated by the fear of losing something, whether its comfort, security, control, money, companionship, or something else. Once you understand what youre scared of losing, you can 2. Ascertain if youre seeing the whole picture. There was a time when I worked sixty-plus hours/week to hold onto a job I didnt even want. I was the last remaining US employee after a massive layoff, but I didnt feel ready to lose that job. After several months of working long hours from home, I realized Id never feel ready. It wasnt until I finally got laid off that I started planning for this site. My logic was faultythat it was best to stay with the sure thing, because I wasnt ready to do something elsebecause the reality was that I needed the time and space to figure out that something else. In other words, loss was necessary to set me up for gain; it wasnt the other way around. If youre making a decision, or avoiding making a decision, based on the fear of what you might lose, ask yourself if youre losing more by not doing what you really want to do. When you attempt to see beyond the fear, youre better able to recognize if youre keeping yourself stuckand if youd benefit from letting go of what you think you need. 3. Use loss aversion as motivation to pursue what you really want. In a post on Money Ning, Emily Guy Birken suggests we can benefit from the fear of loss by charting our progress toward a goal. Just as we dont want to lose time and money, we dont want to lose momentum. If you hang a large calendar on your wall, and put a star on every day when you do something positivelike exercise, practice a new hobby, or send out a resume for a new jobyoull create a psychological need to keep that streak going. Birken writes, Your disappointment in seeing a day without a gold star is greater than your happiness at any single days work. Of course, you have to know what you really want first. 4. Regularly assess your intentions and motivations. This ties into the last one. Sometimes we think we want something because weve wanted it for yearsand then we feel scared to lose that dream and all its related rewards. But sometimes, as we grow and learn about ourselves and the world, our wants change. A friend of mine racked up massive debt studying law, only to realize a couple years into her career that it didnt fulfill her as she hoped it would. Shed built her whole life around this possibilityand she had close to $100,000 in student loans. She could easily have felt stuck, as if shed lose too much if she walked away. But she did anyways. She moved to Chile and became a Pilates teacher, and though she ultimately realized shed need to return to law for a while longer to pay off her debt, shes released the emotional fears associated with pursuing a different path. And because shes experienced the joy of doing something else, she now has a compelling motivation to do it again: She knows what she stands to gain is greater than what she stands to lose. If youre forcing yourself to do something and a part of you feels it isnt right, ask yourself, Do I actually want this right now? Theres a chance you do, and youre just feeling frustrated and discouragedbut theres also a chance you dont anymore. Only you can know for sure what you really want. 5. Change how you see the inevitability of loss. The reality is that loss is inevitable. We will all lose relationships, situations, and states of being that we enjoy and love. Even if we practice non-attachment, on some level we will get comfortable with people and circumstances. You could say that this is what makes life beautiful and meaningfulsince nothing lasts forever, each moment presents unique possibilities worth fully appreciating and savoring. Or you could say this is what makes life tragicthat everything is fleeting, and eventually it all slips away. How we choose to see things dictates how well experience them. Would you rather see everything as precious or pointless? If we can choose the former, we can recognize that every loss provides opportunities for future gainsnew relationships, experiences, and ways of being that may fulfill us in ways we cant possibly predict. Of course, this can only happen if we trust in our ability to recognize and create these new connections and situations. We all have the potential to do it. Some losses feel devastating when we experience themand sometimes, the gain isnt proportionate to the loss. But somehow, we survive in the wake of almost every storm. Whether we thrive is up to us. Thats a choice we need to make proactively, not in response to what we fear, but in response to what we genuinely want to feel and do in this life. So I leave you with this question: Why are you afraid of losing? And are you ready to trust in yourself and your abilities so that you can get unstuck?', 'https://tinybuddha.com/blog/overcoming-the-fear-of-loss-5-steps-to-get-unstuck/', '2020-07-07 15:52:14', '2020-07-07 15:52:14'),
(3, '1594137343.jpg', 'www.psychologytoday.com', 'What is hopelessness and how to overcome it?', 'Hope involves a desire that is held with a certain conviction that the desire will be accomplished. To hope is to trust in certain future outcomes. The outcomes can include: a) an inner transformation (reduction in anxiety, greater inner peace, as examples); b) a change in relationships (finding one\'s true love, as an example); c) an alteration of environmental circumstances (better living conditions, a new job, more money); d) and transcendent expectations (eternal life of happiness). Hopelessness is the reverse of the above. One expects: a) the inner torment to continue; b) one will remain alone or in frustrated relationships; c) one will struggle with few worldly goods; and d) there is nothing other than this world; when one dies, that is the end of the story. Never Give Up There is much reason for hope, even when you can\'t see it at first. You can accidentally short-circuit hopelessness thoughts by flipping a page in a book and unexpectedly getting an idea that gives you a different perspective. The unexpected can happen in other ways, such as your depression may spontaneously lift. However, your best bet is to deal with hopelessness thinking by learning about this enemy and its points of vulnerability. Then work to weaken the vulnerable points until hopelessness thinking fades.', 'https://www.psychologytoday.com/us/blog/the-forgiving-life/201901/hopelessness-and-how-defeat-it-part-1', '2020-07-07 15:55:48', '2020-07-07 15:55:48'),
(4, '1594137549.jpg', 'www.mayoclinic.org', 'What is mental illness and its symptoms?', 'Mental illness, also called mental health disorders, refers to a wide range of mental health conditions  disorders that affect your mood, thinking and behavior. Examples of mental illness include depression, anxiety disorders, schizophrenia, eating disorders and addictive behaviors. Many people have mental health concerns from time to time. But a mental health concern becomes a mental illness when ongoing signs and symptoms cause frequent stress and affect your ability to function. A mental illness can make you miserable and can cause problems in your daily life, such as at school or work or in relationships. In most cases, symptoms can be managed with a combination of medications and talk therapy (psychotherapy). Symptoms Signs and symptoms of mental illness can vary, depending on the disorder, circumstances and other factors. Mental illness symptoms can affect emotions, thoughts and behaviors. Examples of signs and symptoms include: 1)Feeling sad or down 2)Confused thinking or reduced ability to concentrate 3)Excessive fears or worries, or extreme feelings of guilt 4)Extreme mood changes of highs and lows 5)Withdrawal from friends and activities 6)Significant tiredness, low energy or problems sleeping 7)Detachment from reality (delusions), paranoia or hallucinations 8)Inability to cope with daily problems or stress 9)Trouble understanding and relating to situations and to people 10)Problems with alcohol or drug use 11)Major changes in eating habits 12)Sex drive changes 13)Excessive anger, hostility or violence 14)Suicidal thinking', 'https://www.mayoclinic.org/diseases-conditions/mental-illness/symptoms-causes/syc-20374968', '2020-07-07 15:59:14', '2020-07-07 15:59:14'),
(5, '1594137812.jpg', 'www.dreams.co.uk', 'Healthy sleep and its benefits', '1. Sleep helps reduce stress If your body doesnt get enough sleep, it can react by producing an elevated level of stress hormones, which are a natural result of todays fast-paced lifestyles. Deep and regular sleep can help prevent this. 2. Sleep can improve your memory Ever noticed that when youre really tired its harder to remember things? Basically, this is your brain telling you that its not getting enough sleep. When you sleep well, your body may be resting but your brain is busy organising and storing memories. So getting more quality sleep will help you remember and process things better. 3. Sleep can lower your blood pressure Higher blood pressure increases your chances of heart attacks and strokes, but getting plenty of restful sleep encourages a constant state of relaxation that can help reduce blood pressure and generally keep it under control. 4. Sleep helps your body to fight back While youre sleeping your body is producing extra protein molecules that can strengthen your ability to fight infections. If youre feeling a bit run down and dont want it to turn into a full-blown cold, go to bed early and get lots of rest. 5. Sleep can help you maintain your weight Unfortunately, sleep wont directly make you lose weight, but it can help you keep it under control by regulating the hormones that affect your appetite and reducing your cravings for high calorie foods. 6. Sleep puts you in a better mood Lack of sleep can make us more agitated, so were more likely to snap at our boss or be grumpy with a loved one  neither of which is a good thing. The better you sleep, the better your ability to stay calm, controlled and reasonable. 7. Sleep could reduce your chances of diabetes Some research studies have shown that not getting enough sleep may lead to type 2 diabetes by affecting how your body processes glucose. Its not conclusive by any means, but its yet another indication of how important the benefits of sleep can be. 8. Sleep helps keep your heart healthy A regular sleep pattern can help to lower the levels of stress and inflammation to your cardiovascular system, which in turn can reduce your chances of a heart condition. 9. Sleep can be a painkiller If youre suffering pain from a recent injury like a sprained ankle, getting plenty of sleep can actually make it hurt less. Many studies have shown a link between sleep loss and a lower pain threshold. Basically the more sleep you get, the less pain you might be in. 10. Sleep can make you smarter Along with a great nights sleep, grabbing a quick nap in the daytime can contribute towards making your brain more effective and productive. You wont necessarily be answering all the questions on University Challenge, but you may well feel sharper, more attentive, and focused throughout the day.', 'https://www.dreams.co.uk/sleep-matters-club/top-10-benefits-good-nights-sleep/?tduid=e73f4d42a8e3a72f89bf84d95bb66b4c&utm_source=tradedoubler&utm_medium=adgoal+UK&utm_content=606733', '2020-07-07 16:03:39', '2020-07-07 16:03:39'),
(6, '1594138176.png', 'www.verywellmind.com', 'Stigma and impact it creates', 'Stigma involves negative attitudes or discrimination against someone based on a distinguishing characteristic such as a mental illness, health condition, or disability. Social stigmas can also be related to other characteristics including gender, sexuality, race, religion, and culture. Unfortunately, stigma surrounding mental health is still common. While stigma is not limited to mental conditions, attitudes towards psychiatric illnesses tend to be more negative than that toward medical conditions. Research has shown that stigma is one of the leading risk factors contributing to poor mental health outcomes. Stigma leads to delays in treatment. It also reduces the chances that a person with mental illness will receive appropriate and adequate care.1 Signs of Stigma Examples of how stigma is perpetuated include: 1)Media depictions where the villain is often a character with a mental illness 2)Harmful stereotypes of people with mental illness 3)Treating mental health issues as if they are something people can overcome if they just \"try harder\" or \"snap out of it\" 4)Using phrases like \"she\'s crazy\" or \"he\'s nuts\" to describe other people or their behavior 5)Halloween costumes that depict people with mental illness as violent and dangerous Anyone who has had experience with mental illness, personally or professionally, can tell you that despite advances in psychiatry and psychology, a great deal of stigma remains. While people have become more informed about mental disorders in general, stigma continues to be a reality. Types of Stigma The stigma associated with mental illness can be divided into two types: Social stigma, which involves the prejudiced attitudes others have around mental illness Self-perceived stigma, which involves an internalized stigma the person with the mental illness suffers from Impact of Stigma The consequences of stigma can be serious and devastating. With stigma comes a lack of understanding from others, which can be invalidating and painful, but stigma also carries more serious consequences including fueling fear, anger, and intolerance directed at other people. People who are subjected to stigma are more likely to experience: 1)Reluctance to seek out treatment 2)Delayed treatment, which increases morbidity and mortality 3)Social rejection, avoidance, and isolation 4)Worse psychological well-being 5)Poor understanding among friends and family 6)Harassment, violence, or bullying 7)Poor quality of life, disability, and increased socioeconomic burden 8)Increased feelings of shame and self-doubt', 'https://www.verywellmind.com/mental-illness-and-stigma-2337677', '2020-07-07 16:09:45', '2020-07-07 16:09:45'),
(7, '1594138351.jpg', 'my.clevelandclinic.org', 'stress and how to reduce it', 'Stress is the body\'s reaction to any change that requires an adjustment or response. The body reacts to these changes with physical, mental, and emotional responses. Stress is a normal part of life. You can experience stress from your environment, your body, and your thoughts. Even positive life changes such as a promotion, a mortgage, or the birth of a child produce stress. How does stress affect health? The human body is designed to experience stress and react to it. Stress can be positive, keeping us alert, motivated, and ready to avoid danger. Stress becomes negative when a person faces continuous challenges without relief or relaxation between stressors. As a result, the person becomes overworked, and stress-related tension builds. The body\'s autonomic nervous system has a built-in stress response that causes physiological changes to allow the body to combat stressful situations. This stress response, also known as the \"fight or flight response\", is activated in case of an emergency. However, this response can become chronically activated during prolonged periods of stress. Prolonged activation of the stress response causes wear and tear on the body  both physical and emotional. Stress that continues without relief can lead to a condition called distress  a negative stress reaction. Distress can disturb the body\'s internal balance or equilibrium, leading to physical symptoms such as headaches, an upset stomach, elevated blood pressure, chest pain, sexual dysfunction, and problems sleeping. Emotional problems can also result from distress. These problems include depression, panic attacks, or other forms of anxiety and worry. Research suggests that stress also can bring on or worsen certain symptoms or diseases. Stress is linked to 6 of the leading causes of death: heart disease, cancer, lung ailments, accidents, cirrhosis of the liver, and suicide. Stress also becomes harmful when people engage in the compulsive use of substances or behaviors to try to relieve their stress. These substances or behaviors include food, alcohol, tobacco, drugs, gambling, sex, shopping, and the Internet. Rather than relieving the stress and returning the body to a relaxed state, these substances and compulsive behaviors tend to keep the body in a stressed state and cause more problems. The distressed person becomes trapped in a vicious circle. What are the warning signs of stress? Chronic stress can wear down the body\'s natural defenses, leading to a variety of physical symptoms, including the following: 1)Dizziness or a general feeling of \"being out of it.\" 2)General aches and pains. 3)Grinding teeth, clenched jaw. 4)Headaches. 5)Indigestion or acid reflux symptoms. 6)Increase in or loss of appetite. 7)Muscle tension in neck, face or shoulders. 8)Problems sleeping. 9)Racing heart. 10)Cold and sweaty palms. 11)Tiredness, exhaustion. 12)Trembling/shaking. 13)Weight gain or loss. 14)Upset stomach, diarrhea. 15)Sexual difficulties. Tips for reducing stress People can learn to manage stress and lead happier, healthier lives. You may want to begin with the following tips: 1)Keep a positive attitude. 2)Accept that there are events that you cannot control. 3)Be assertive instead of aggressive. Assert your feelings, opinions, or beliefs instead of becoming angry, defensive, or passive. 4)Learn and practice relaxation techniques; try meditation, yoga, or tai-chi. 5)Exercise regularly. Your body can fight stress better when it is fit. 6)Eat healthy, well-balanced meals. 7)Learn to manage your time more effectively. 8)Set limits appropriately and say no to requests that would create excessive stress in your life. 9)Make time for hobbies and interests. 10)Get enough rest and sleep. Your body needs time to recover from stressful events. 11)Don\'t rely on alcohol, drugs, or compulsive behaviors to reduce stress. 12)Seek out social support. Spend enough time with those you love. 13)Seek treatment with a psychologist or other mental health professional trained in stress management or biofeedback techniques to learn more healthy ways of dealing with the stress in your life.', 'https://my.clevelandclinic.org/health/articles/11874-stress', '2020-07-07 16:12:36', '2020-07-07 16:12:36'),
(8, '1594138479.jpg', 'www.medicalnewstoday.com', 'Suicide and its causes', 'Suicide is the act of intentionally causing one\'s own death. Mental disorders, including depression, bipolar disorder, autism, schizophrenia, personality disorders, anxiety disorders, and substance abuseincluding alcoholism and the use of benzodiazepines are risk factors.Some suicides are impulsive acts due to stress, such as from financial difficulties, relationship problems such as breakups, or bullying.Those who have previously attempted suicide are at a higher risk for future attempts.Effective suicide prevention efforts include limiting access to methods of suicide such as firearms, drugs, and poisons; treating mental disorders and substance misuse; careful media reporting about suicide; and improving economic conditions. Causes: Suicidal ideas can occur when a person feels they are no longer able to cope with an overwhelming situation. This could stem from financial problems, death of a loved on, a broken relationship, or a devastating or debilitating illness. The most common situations or life events that might cause suicidal thoughts are grief, sexual abuse, financial problems, remorse, rejection, a relationship breakup, and unemployment. The following risk factors may have an impact on the probability of someone experiencing suicidal idea: a family history of mental health issues a family history of substance abuse a family history of violence a family history of suicide a feeling of hopelessness a feeling of seclusion or loneliness being gay with no family or home support being in trouble with the law being under the influence of alcohol or drugs for children, having disciplinary, social or school problems having a problem with substance abuse having a psychiatric disorder or mental illness having attempted suicide before being prone to reckless or impulsive behavior possessing a gun sleep deprivation knowing, identifying, or being associated with someone who has committed suicide Conditions that are linked to a higher risk of suicidal ideation include: adjustment disorder anorexia nervosa bipolar disorder body dysmorphic disorder borderline personality disorder dissociative identity disorder gender dysphoria, or gender identity disorder major depressive disorder panic disorder post-traumatic stress disorder (PTSD) schizophrenia social anxiety disorder generalized anxiety disorder substance abuse exposure to suicidal behavior in others Genetic factors may increase the risk of suicidal ideas. Individuals with suicidal thoughts tend to have a family history of suicide or suicidal thoughts.', 'https://www.medicalnewstoday.com/articles/193026#symptoms-', '2020-07-07 16:14:46', '2020-07-07 16:14:46'),
(9, '1594138700.jpg', 'www.healthline.com', 'Depression & its symptoms', 'Depression (major depressive disorder) is a common and serious medical illness that negatively affects how you feel, the way you think and how you act. Fortunately, it is also treatable. Depression causes feelings of sadness and/or a loss of interest in activities once enjoyed. It can lead to a variety of emotional and physical problems and can decrease a persons ability to function at work and at home. Depression symptoms can vary from mild to severe and can include: 1)Feeling sad or having a depressed mood 2)Loss of interest or pleasure in activities once enjoyed 3)Changes in appetite  weight loss or gain unrelated to dieting 4)Trouble sleeping or sleeping too much 5)Loss of energy or increased fatigue 6)Increase in purposeless physical activity (e.g., hand-wringing or pacing) or slowed movements and speech (actions observable by others) 7)Feeling worthless or guilty 8)Difficulty thinking, concentrating or making decisions 9)Thoughts of death or suicide Symptoms must last at least two weeks for a diagnosis of depression. Also, medical conditions (e.g., thyroid problems, a brain tumor or vitamin deficiency) can mimic symptoms of depression so it is important to rule out general medical causes. Depression affects an estimated one in 15 adults (6.7%) in any given year. And one in six people (16.6%) will experience depression at some time in their life. Depression can strike at any time, but on average, first appears during the late teens to mid-20s. Women are more likely than men to experience depression. Some studies show that one-third of women will experience a major depressive episode in their lifetime.', 'https://www.healthline.com', '2020-07-07 16:18:26', '2020-07-07 16:18:26');

-- --------------------------------------------------------

--
-- Table structure for table `notifications`
--

CREATE TABLE `notifications` (
  `id` char(36) CHARACTER SET utf8mb4 COLLATE utf8mb4_unicode_ci NOT NULL,
  `type` varchar(255) CHARACTER SET utf8mb4 COLLATE utf8mb4_unicode_ci NOT NULL,
  `notifiable_type` varchar(255) CHARACTER SET utf8mb4 COLLATE utf8mb4_unicode_ci NOT NULL,
  `notifiable_id` bigint UNSIGNED NOT NULL,
  `data` text CHARACTER SET utf8mb4 COLLATE utf8mb4_unicode_ci NOT NULL,
  `read_at` timestamp NULL DEFAULT NULL,
  `created_at` timestamp NULL DEFAULT NULL,
  `updated_at` timestamp NULL DEFAULT NULL,
  `refrence` varchar(255) CHARACTER SET utf8mb4 COLLATE utf8mb4_unicode_ci NOT NULL DEFAULT 'no refrence'
) ENGINE=InnoDB DEFAULT CHARSET=utf8mb4 COLLATE=utf8mb4_unicode_ci;

--
-- Dumping data for table `notifications`
--

INSERT INTO `notifications` (`id`, `type`, `notifiable_type`, `notifiable_id`, `data`, `read_at`, `created_at`, `updated_at`, `refrence`) VALUES
('164c83c1-5814-452d-b46f-747bacc69c48', 'App\\Notifications\\AppointmentReceivedNotification', 'App\\User', 13, '{\"data\":\"Appointmnet request received Gudipati Rama Krishna\",\"refrence\":\"userDashboard\"}', NULL, '2020-07-15 15:21:58', '2020-07-15 15:21:58', 'no refrence'),
('4f1510c8-9abf-4197-bdcf-2d9c27297e41', 'App\\Notifications\\AppointmentAcceptedNotification', 'App\\User', 13, '{\"data\":\"new notification{\\\"id\\\":5,\\\"name\\\":\\\"Gudipati Rama Krishna\\\",\\\"email\\\":\\\"rkgudipati461@gmail.com\\\",\\\"phone\\\":\\\"09948602311\\\",\\\"timings\\\":\\\"2020-07-15T20:52\\\",\\\"message\\\":\\\"Nope\\\",\\\"is_Completed\\\":0,\\\"user_id\\\":13,\\\"volunteer_id\\\":3,\\\"created_at\\\":\\\"2020-07-15T15:21:54.000000Z\\\",\\\"updated_at\\\":\\\"2020-07-15T15:24:30.000000Z\\\"}\",\"refrence\":\"userDashboard\"}', NULL, '2020-07-15 15:24:35', '2020-07-15 15:24:35', 'no refrence'),
('921fe6f2-2d40-421b-b349-56906db525e6', 'App\\Notifications\\AppointmentAcceptedNotification', 'App\\User', 13, '{\"data\":\"new notification{\\\"id\\\":4,\\\"name\\\":\\\"MUNGA JOHN BENYEN\\\",\\\"email\\\":\\\"johnbenyen162@gmail.com\\\",\\\"phone\\\":\\\"08289971409\\\",\\\"timings\\\":\\\"2020-07-15T20:27\\\",\\\"message\\\":\\\"Nothing\\\",\\\"is_Completed\\\":0,\\\"user_id\\\":13,\\\"volunteer_id\\\":3,\\\"created_at\\\":\\\"2020-07-15T14:57:09.000000Z\\\",\\\"updated_at\\\":\\\"2020-07-15T14:58:53.000000Z\\\"}\",\"refrence\":\"userDashboard\"}', NULL, '2020-07-15 14:58:57', '2020-07-15 14:58:57', 'no refrence'),
('f9ff612a-8832-41fa-ae09-674199f6fbef', 'App\\Notifications\\AppointmentReceivedNotification', 'App\\User', 13, '{\"data\":\"Appointmnet request received MUNGA JOHN BENYEN\",\"refrence\":\"userDashboard\"}', NULL, '2020-07-15 14:57:13', '2020-07-15 14:57:13', 'no refrence');

-- --------------------------------------------------------

--
-- Table structure for table `password_resets`
--

CREATE TABLE `password_resets` (
  `email` varchar(255) CHARACTER SET utf8mb4 COLLATE utf8mb4_unicode_ci NOT NULL,
  `token` varchar(255) CHARACTER SET utf8mb4 COLLATE utf8mb4_unicode_ci NOT NULL,
  `created_at` timestamp NULL DEFAULT NULL
) ENGINE=InnoDB DEFAULT CHARSET=utf8mb4 COLLATE=utf8mb4_unicode_ci;

-- --------------------------------------------------------

--
-- Table structure for table `playlists`
--

CREATE TABLE `playlists` (
  `id` bigint UNSIGNED NOT NULL,
  `playlistSource` varchar(255) CHARACTER SET utf8mb4 COLLATE utf8mb4_unicode_ci NOT NULL,
  `playlistTag` varchar(255) CHARACTER SET utf8mb4 COLLATE utf8mb4_unicode_ci NOT NULL,
  `playlistURL` varchar(255) CHARACTER SET utf8mb4 COLLATE utf8mb4_unicode_ci NOT NULL,
  `created_at` timestamp NULL DEFAULT NULL,
  `updated_at` timestamp NULL DEFAULT NULL,
  `image` mediumtext CHARACTER SET utf8mb4 COLLATE utf8mb4_unicode_ci
) ENGINE=InnoDB DEFAULT CHARSET=utf8mb4 COLLATE=utf8mb4_unicode_ci;

--
-- Dumping data for table `playlists`
--

INSERT INTO `playlists` (`id`, `playlistSource`, `playlistTag`, `playlistURL`, `created_at`, `updated_at`, `image`) VALUES
(1, 'Greenred Productions -Relaxing Music', 'Depression', 'https://youtu.be/3pNpHZ1yv3I', '2020-07-08 04:31:52', '2020-07-08 04:31:52', '1.jpg'),
(2, 'PowerThoughts Mediation Club', 'Healthy sleep', 'https://youtu.be/o-9T184mpY4', '2020-07-08 04:37:09', '2020-07-08 04:37:09', '2.jpeg'),
(3, 'VenusAir', 'defeat suicide', 'https://youtu.be/2S-wdXBqIUc', '2020-07-08 04:41:37', '2020-07-08 04:41:37', '3.jpg'),
(4, 'Meditation Relaxing Music', 'Reduce Stress', 'https://youtu.be/lFcSrYw-ARY', '2020-07-08 04:44:16', '2020-07-08 04:44:16', '4.jpg'),
(5, 'Lucas King', 'mental illness', 'https://youtu.be/9mhubEAfeV8', '2020-07-08 04:52:49', '2020-07-08 04:52:49', '5.jpg'),
(6, 'TS1', 'Unstoppable', 'https://youtu.be/ubRHRk7nrZY', '2020-07-08 05:03:33', '2020-07-08 05:03:33', '6.jpg'),
(7, 'Power Thoughts Meditatiopn Club', 'fear of loss', 'https://youtu.be/-vvpsIiUVKY', '2020-07-08 05:07:29', '2020-07-08 05:07:29', '7.jpg');

-- --------------------------------------------------------

--
-- Table structure for table `questionnaires`
--

CREATE TABLE `questionnaires` (
  `id` bigint UNSIGNED NOT NULL,
  `questionnaireTitle` varchar(255) CHARACTER SET utf8mb4 COLLATE utf8mb4_unicode_ci NOT NULL,
  `questionnairePurpose` varchar(255) CHARACTER SET utf8mb4 COLLATE utf8mb4_unicode_ci NOT NULL,
  `created_at` timestamp NULL DEFAULT NULL,
  `updated_at` timestamp NULL DEFAULT NULL
) ENGINE=InnoDB DEFAULT CHARSET=utf8mb4 COLLATE=utf8mb4_unicode_ci;

--
-- Dumping data for table `questionnaires`
--

INSERT INTO `questionnaires` (`id`, `questionnaireTitle`, `questionnairePurpose`, `created_at`, `updated_at`) VALUES
(1, 'Depression Test', 'Able to calculate the depression score', '2020-07-11 08:48:57', '2020-07-11 09:14:15'),
(2, 'Anxiety test', 'Able to calculate the anxiety score', '2020-07-11 15:12:34', '2020-07-11 15:12:34'),
(3, 'Stress test', 'Able to calculate your stress score', '2020-07-13 06:59:10', '2020-07-13 07:25:30'),
(4, 'Social Skills test', 'Able to calculate  your social skills score', '2020-07-13 07:27:06', '2020-07-13 07:27:06'),
(5, 'Concentration', 'Able to calculate the concentration score', '2020-07-13 07:53:24', '2020-07-13 07:53:24'),
(6, 'Happiness Test', 'Able to calculate happiness score', '2020-07-13 08:13:15', '2020-07-13 08:13:15'),
(7, 'Sleep Hygiene Test', 'Able to calculate sleep hygiene score', '2020-07-13 12:28:18', '2020-07-13 12:28:18'),
(8, 'Emotional Intelligence Test', 'Able to calculate emotional intelligence score', '2020-07-13 12:54:40', '2020-07-13 12:54:40'),
(9, 'Healthy Lifestyle Test', 'Able to calculate healthy lifestyle score', '2020-07-13 13:08:57', '2020-07-13 13:08:57');

-- --------------------------------------------------------

--
-- Table structure for table `questions`
--

CREATE TABLE `questions` (
  `id` bigint UNSIGNED NOT NULL,
  `questionnaire_id` bigint UNSIGNED NOT NULL,
  `created_at` timestamp NULL DEFAULT NULL,
  `updated_at` timestamp NULL DEFAULT NULL,
  `question` varchar(255) CHARACTER SET utf8mb4 COLLATE utf8mb4_unicode_ci NOT NULL
) ENGINE=InnoDB DEFAULT CHARSET=utf8mb4 COLLATE=utf8mb4_unicode_ci;

--
-- Dumping data for table `questions`
--

INSERT INTO `questions` (`id`, `questionnaire_id`, `created_at`, `updated_at`, `question`) VALUES
(1, 1, '2020-07-11 09:24:20', '2020-07-11 09:24:20', 'I feel sad.'),
(2, 1, '2020-07-11 09:26:28', '2020-07-11 09:26:28', 'I feel agitated or restless (I pace, am unable to stay calm, or need to move constantly).'),
(3, 1, '2020-07-11 09:27:30', '2020-07-11 09:27:30', 'I feel so guilty that I can barely take it.'),
(4, 1, '2020-07-11 09:28:18', '2020-07-11 09:28:18', 'When I wake up in the morning, I feel like there is nothing to look forward to.'),
(5, 1, '2020-07-11 09:30:30', '2020-07-11 09:30:30', 'I think about death.'),
(6, 1, '2020-07-11 09:32:23', '2020-07-11 09:32:23', 'When needed, I can make up my mind quickly.'),
(7, 1, '2020-07-11 09:34:39', '2020-07-11 09:34:39', 'When something is bothering me, I cannot stop thinking about it.'),
(8, 1, '2020-07-11 09:37:31', '2020-07-11 09:37:31', 'I feel tired even after a good rest.'),
(9, 1, '2020-07-11 09:38:46', '2020-07-11 09:38:46', 'I feel bad about myself.'),
(10, 1, '2020-07-11 09:40:03', '2020-07-11 09:40:03', 'I have recurrent thoughts about ending my life.'),
(11, 1, '2020-07-11 09:41:10', '2020-07-11 09:41:10', 'I keep myself up at night thinking about the things going on in my life.'),
(12, 1, '2020-07-11 09:43:04', '2020-07-11 09:43:04', 'I feel like crying for no apparent reason.'),
(13, 1, '2020-07-11 09:44:21', '2020-07-11 09:44:21', 'I have trouble getting moving.'),
(14, 1, '2020-07-11 09:45:23', '2020-07-11 09:45:23', 'I am full of energy.'),
(15, 1, '2020-07-11 09:47:02', '2020-07-11 09:47:02', 'I feel like ending my life.'),
(16, 2, '2020-07-11 15:15:16', '2020-07-11 15:23:04', 'I unable to relax.'),
(17, 2, '2020-07-11 15:16:46', '2020-07-11 15:16:46', 'I feel fearful for no reason.'),
(18, 2, '2020-07-11 15:17:49', '2020-07-11 15:24:16', 'My muscles are tense, aching, or sore.'),
(19, 2, '2020-07-11 15:18:47', '2020-07-11 15:18:47', 'When someone snaps at me, I spend the rest of the day thinking about it.'),
(20, 2, '2020-07-11 15:20:30', '2020-07-11 15:20:30', 'No matter what I do, I can\'t get my mind off my problems.'),
(21, 2, '2020-07-11 15:25:54', '2020-07-11 15:25:54', 'I am easily alarmed, frightened, or surprised.'),
(22, 2, '2020-07-11 15:27:33', '2020-07-11 15:27:33', 'I spend time wondering why I feel the way I do.'),
(23, 2, '2020-07-11 15:28:06', '2020-07-11 15:28:06', 'I faint or feel like fainting.'),
(24, 2, '2020-07-11 15:28:56', '2020-07-11 15:28:56', 'I think a lot about why I do the things I do.'),
(25, 2, '2020-07-11 15:29:31', '2020-07-11 15:29:31', 'I am easily irritated.'),
(26, 2, '2020-07-11 15:30:10', '2020-07-11 15:30:10', 'I feel futile.'),
(27, 2, '2020-07-11 15:31:01', '2020-07-11 15:31:01', 'I think about all the things I have not yet accomplished.'),
(28, 2, '2020-07-11 15:31:46', '2020-07-11 15:31:46', 'I am afraid of what awaits me in the future.'),
(29, 2, '2020-07-11 15:32:24', '2020-07-11 15:32:24', 'I have difficulty concentrating or remembering things.'),
(30, 2, '2020-07-11 15:33:10', '2020-07-11 15:33:10', 'I feel tired.'),
(31, 3, '2020-07-13 07:00:23', '2020-07-13 07:00:23', 'How often do you find yourself overwhelmed by your workload?'),
(32, 3, '2020-07-13 07:05:43', '2020-07-13 07:05:43', 'How often do you find yourself scrambling to meet a deadline at work?'),
(33, 3, '2020-07-13 07:09:56', '2020-07-13 07:09:56', 'Do you take your full designated break for lunch?'),
(34, 3, '2020-07-13 07:10:41', '2020-07-13 07:10:41', 'How often do you lose your patience with a partner or family member?How often do you lose your patience with a partner or family member?'),
(35, 3, '2020-07-13 07:11:35', '2020-07-13 07:11:35', 'Are you expected to put your family\'s or partner\'s needs ahead of your own?'),
(36, 3, '2020-07-13 07:12:41', '2020-07-13 07:12:41', 'How would you rate your self-esteem?'),
(37, 3, '2020-07-13 07:15:44', '2020-07-13 07:15:44', 'In the PAST WEEK, have you felt strained?'),
(38, 3, '2020-07-13 07:16:35', '2020-07-13 07:16:35', 'In the PAST WEEK, have you felt inadequate?'),
(39, 3, '2020-07-13 07:17:47', '2020-07-13 07:17:47', 'In the PAST WEEK, have you felt overextended?'),
(40, 3, '2020-07-13 07:19:02', '2020-07-13 07:19:02', 'In the PAST WEEK, have you felt swamped by your responsibilities?'),
(41, 3, '2020-07-13 07:19:57', '2020-07-13 07:19:57', 'In the PAST WEEK, have you felt that the odds were against you?'),
(42, 3, '2020-07-13 07:20:46', '2020-07-13 07:20:46', 'In the PAST WEEK, have you felt like you were rushed?'),
(43, 3, '2020-07-13 07:21:43', '2020-07-13 07:21:43', 'In the PAST WEEK, have you felt like you couldnt cope?'),
(44, 3, '2020-07-13 07:22:36', '2020-07-13 07:22:36', 'In the PAST WEEK, have you felt like you had a lot on your mind?'),
(45, 3, '2020-07-13 07:23:16', '2020-07-13 07:23:16', 'In the PAST WEEK, have you felt powerless?'),
(46, 4, '2020-07-13 07:30:45', '2020-07-13 07:30:45', 'When I talk to someone, I try to put myself in his/her shoes.'),
(47, 4, '2020-07-13 07:31:38', '2020-07-13 07:31:38', 'When I approach someone for conversation, I adjust to his/her level (I sit if he/she is sitting or stand if he/she is standing).'),
(48, 4, '2020-07-13 07:32:46', '2020-07-13 07:32:46', 'I consider how others will be affected by my words and actions.'),
(49, 4, '2020-07-13 07:33:41', '2020-07-13 07:33:41', 'I explain my ideas clearly.'),
(50, 4, '2020-07-13 07:36:25', '2020-07-13 07:36:25', 'My friends/colleagues get annoyed at me for offering unsolicited advice.'),
(51, 4, '2020-07-13 07:37:08', '2020-07-13 07:37:08', 'During conversations, people tell me that I don\'t look like I am interested in what they are saying.'),
(52, 4, '2020-07-13 07:38:13', '2020-07-13 07:38:13', 'I tend to withdraw from people.'),
(53, 4, '2020-07-13 07:39:02', '2020-07-13 07:39:02', 'I accept the people close to me for who they are, flaws and all.'),
(54, 4, '2020-07-13 07:39:53', '2020-07-13 07:39:53', 'No matter how busy I am, I will make time for a friend in need.'),
(55, 4, '2020-07-13 07:40:39', '2020-07-13 07:40:39', 'I am able to forgive transgressions on the part of others if there was no harm intended (e.g. when a friend forgets we have plans or arrives late).'),
(56, 4, '2020-07-13 07:41:17', '2020-07-13 07:41:17', 'When I am explaining something, I make sure that my listeners are following me.'),
(57, 4, '2020-07-13 07:42:39', '2020-07-13 07:42:39', 'When I\'m out with my friends, I dominate the conversation.'),
(58, 4, '2020-07-13 07:43:46', '2020-07-13 07:43:46', 'I adjust my social behavior according to the situation I am in or the person I am interacting with.'),
(59, 4, '2020-07-13 07:44:44', '2020-07-13 07:44:44', 'I don\'t end a conversation until I feel that I have really grasped what the other person is trying to convey to me.'),
(60, 4, '2020-07-13 07:46:55', '2020-07-13 07:46:55', 'When I am wrong, I am not afraid to admit it.'),
(61, 5, '2020-07-13 07:55:56', '2020-07-13 07:55:56', 'My mind tends to drift away when I\'m working on something.'),
(62, 5, '2020-07-13 07:57:08', '2020-07-13 07:57:08', 'I find irrelevant information or thoughts popping into my head when I\'m trying to focus on a task.'),
(63, 5, '2020-07-13 07:58:16', '2020-07-13 07:58:16', 'I employ motivational techniques (e.g. rewards, envisioning how I will feel when the task is complete) to get me through boring or difficult tasks.'),
(64, 5, '2020-07-13 07:59:06', '2020-07-13 07:59:06', 'When I really need to concentrate, I can tune out my environment.'),
(65, 5, '2020-07-13 08:00:29', '2020-07-13 08:00:29', 'When I begin a task, I set specific objectives for what I want to accomplish.'),
(66, 5, '2020-07-13 08:01:05', '2020-07-13 08:01:05', 'I try to create an optimal environment when I really need to concentrate (e.g. close the door, put up a do-not-disturb sign).'),
(67, 5, '2020-07-13 08:04:20', '2020-07-13 08:04:20', 'I find myself trying to remember what I was about to do next.'),
(68, 5, '2020-07-13 08:04:58', '2020-07-13 08:04:58', 'I find myself daydreaming.'),
(69, 5, '2020-07-13 08:06:09', '2020-07-13 08:06:09', 'I find myself doing the same thing over and over because I have lost track of what I\'ve done (e.g., re-reading the same paragraph).'),
(70, 5, '2020-07-13 08:07:14', '2020-07-13 08:07:14', 'When I start to lose focus on my work, I take a short break.'),
(71, 5, '2020-07-13 08:07:58', '2020-07-13 08:07:58', 'If I start to lose focus on a task, I\'ll switch to something else for a little while.'),
(72, 5, '2020-07-13 08:08:29', '2020-07-13 08:08:29', 'When I try to focus intensely, I find my mind wandering to unrelated things.'),
(73, 5, '2020-07-13 08:09:13', '2020-07-13 08:09:13', 'If someone is having a conversation nearby while I\'m working on a task, it breaks my concentration.'),
(74, 5, '2020-07-13 08:10:09', '2020-07-13 08:10:09', 'Before beginning a task, I set an approximate time limit as to how long I will work on it.'),
(75, 5, '2020-07-13 08:11:59', '2020-07-13 08:11:59', 'When I get into the groove of doing something, almost nothing can get me out of it.'),
(76, 6, '2020-07-13 08:14:01', '2020-07-13 08:14:01', 'I can find the good in even the most disagreeable people.'),
(77, 6, '2020-07-13 08:14:49', '2020-07-13 08:14:49', 'I can find something positive in even the most difficult situations.'),
(78, 6, '2020-07-13 08:15:23', '2020-07-13 08:15:23', 'I actively keep in touch with friends and family.'),
(79, 6, '2020-07-13 08:16:25', '2020-07-13 08:16:25', 'I feel lonely.'),
(80, 6, '2020-07-13 08:17:00', '2020-07-13 08:17:00', 'When times get tough, I turn to friends/family for support.'),
(81, 6, '2020-07-13 08:18:02', '2020-07-13 08:18:02', 'When I find myself overwhelmed with stress, I shut down completely.'),
(82, 6, '2020-07-13 08:18:37', '2020-07-13 08:18:37', 'When I\'m feeling down, I remind myself to focus on the good things in my life instead of the bad.'),
(83, 6, '2020-07-13 08:19:21', '2020-07-13 08:19:21', 'I refuse to give up, no matter how tough things get.'),
(84, 6, '2020-07-13 08:20:07', '2020-07-13 08:20:07', 'No matter what life throws at me, I believe that I can deal with it.'),
(85, 6, '2020-07-13 08:20:54', '2020-07-13 08:20:54', 'If I ever need help, I believe that my friends and/or family will be there for me.'),
(86, 6, '2020-07-13 08:21:43', '2020-07-13 08:21:43', 'When I have a difficult problem, I try to look at it from different angles in order to come up with a solution.'),
(87, 6, '2020-07-13 08:22:27', '2020-07-13 08:22:27', 'I keep my problems to myself.'),
(88, 6, '2020-07-13 08:23:35', '2020-07-13 08:23:35', 'Even if I\'m sure about my ultimate choice, I still ask others for advice before making an important or risky decision.'),
(89, 6, '2020-07-13 08:24:50', '2020-07-13 08:24:50', 'I know how to calm myself down and relax when my life gets too hectic.'),
(90, 6, '2020-07-13 08:26:06', '2020-07-13 08:26:06', 'I think that it\'s important to maintain a sense of humor when life is particularly rough.'),
(91, 7, '2020-07-13 12:31:17', '2020-07-13 12:31:17', 'Do you go to bed at roughly the same time every night?'),
(92, 7, '2020-07-13 12:32:34', '2020-07-13 12:32:34', 'You have been offered a very well-paid position that will require relocation to a new city. This is a very important decision to make as it will affect your whole life. Of course, you need to think it over and examine the pros and cons of each possibility'),
(93, 7, '2020-07-13 12:35:58', '2020-07-13 12:35:58', 'Do you have a bedtime ritual (e.g. a warm shower and 15 minutes of reading)?'),
(94, 7, '2020-07-13 12:36:56', '2020-07-13 12:36:56', 'When you finally curl up in bed, do you find that you can\'t \"shut your brain off\"?'),
(95, 7, '2020-07-13 12:38:19', '2020-07-13 12:38:19', 'Do you exercise?'),
(96, 7, '2020-07-13 12:40:20', '2020-07-13 12:40:20', 'If you do take naps, how long do they usually last?'),
(97, 7, '2020-07-13 12:42:40', '2020-07-13 12:42:40', 'How often do you engage in eating a heavy meal 2-4 hours before you go to sleep?'),
(98, 7, '2020-07-13 12:44:29', '2020-07-13 12:44:29', 'How often do you engage in eating a light meal or snack 2-4 hours before you go to sleep?'),
(99, 7, '2020-07-13 12:45:44', '2020-07-13 12:45:44', 'How often do you engage in smoking a cigarette 2-4 hours before you go to sleep?'),
(100, 7, '2020-07-13 12:46:42', '2020-07-13 12:46:42', 'How often do you engage in drinking coffee 2-4 hours before you go to sleep?'),
(101, 7, '2020-07-13 12:47:57', '2020-07-13 12:47:57', 'How often do you engage in drinking tea 2-4 hours before you go to sleep?'),
(102, 7, '2020-07-13 12:48:55', '2020-07-13 12:48:55', 'How often do you engage in drinking alcohol 2-4 hours before you go to sleep?'),
(103, 7, '2020-07-13 12:49:45', '2020-07-13 12:49:45', 'How often do you engage in vigorous exercise 2-4 hours before you go to sleep?'),
(104, 7, '2020-07-13 12:51:08', '2020-07-13 12:51:08', 'How often do you hear people talking in another room'),
(105, 7, '2020-07-13 12:52:39', '2020-07-13 12:52:39', 'How often do you hear people talking in your bedroom'),
(106, 8, '2020-07-13 12:56:42', '2020-07-13 12:56:42', 'I adjust my behavior depending on who I am interacting with (e.g. calm and friendly with a child, serious and professional with my boss, etc.).'),
(107, 8, '2020-07-13 12:57:22', '2020-07-13 12:57:22', 'I tend to postpone or avoid discussing touchy topics.'),
(108, 8, '2020-07-13 12:58:16', '2020-07-13 12:58:16', 'I find myself feeling nervous about situations or events, and I don\'t even know why.'),
(109, 8, '2020-07-13 12:59:23', '2020-07-13 12:59:23', 'If asked to list my top three strengths, I would have a hard time coming up with them.'),
(110, 8, '2020-07-13 13:00:09', '2020-07-13 13:00:09', 'I have certain compulsive habits that I just can\'t seem to stop (e.g. overeating).'),
(111, 8, '2020-07-13 13:00:58', '2020-07-13 13:00:58', 'Once a pessimistic thought pops into my head, it\'s like a floodgate opens - my thoughts get more and more negative.'),
(112, 8, '2020-07-13 13:01:44', '2020-07-13 13:01:44', 'I like learning new things.'),
(113, 8, '2020-07-13 13:02:49', '2020-07-13 13:02:49', 'I am stubborn.'),
(114, 8, '2020-07-13 13:03:25', '2020-07-13 13:03:25', 'When something is bothering me, I cannot stop thinking about it.'),
(115, 8, '2020-07-13 13:03:59', '2020-07-13 13:03:59', 'I am not satisfied with my work unless someone else praises it.'),
(116, 8, '2020-07-13 13:04:41', '2020-07-13 13:04:41', 'I know which situations I can handle, and which ones will take me out of my emotional comfort-zone.'),
(117, 8, '2020-07-13 13:05:17', '2020-07-13 13:05:17', 'If the situation calls for it, I can be civil to a person whom I really dislike (e.g. at a get-together of a mutual friend or a business meeting).'),
(118, 8, '2020-07-13 13:05:54', '2020-07-13 13:05:54', 'When I need to do something difficult or unpleasant, I find it hard to motivate myself to get started.'),
(119, 8, '2020-07-13 13:07:00', '2020-07-13 13:07:00', 'It takes a push from others to get me going.'),
(120, 8, '2020-07-13 13:07:43', '2020-07-13 13:07:43', 'I know exactly where I want to be 5 years from now.'),
(121, 9, '2020-07-13 13:09:52', '2020-07-13 13:09:52', 'I avoid excess sugar.'),
(122, 9, '2020-07-13 13:10:27', '2020-07-13 13:10:27', 'I like learning new things.'),
(123, 9, '2020-07-13 13:10:58', '2020-07-13 13:10:58', 'I have the motivation to realize my plans.'),
(124, 9, '2020-07-13 13:11:29', '2020-07-13 13:11:29', 'I eat a healthy balanced diet according to the official nutritional guidelines.'),
(125, 9, '2020-07-13 13:11:58', '2020-07-13 13:11:58', 'I avoid excess fat.'),
(126, 9, '2020-07-13 13:12:28', '2020-07-13 13:12:28', 'I make sure I get enough fiber and vitamins.'),
(127, 9, '2020-07-13 13:13:05', '2020-07-13 13:13:05', 'I eat meat LESS than three times a week.'),
(128, 9, '2020-07-13 13:13:47', '2020-07-13 13:13:47', 'I avoid excess salt.'),
(129, 9, '2020-07-13 13:14:28', '2020-07-13 13:14:28', 'I feel good about what I do (studies, job, being a full-time mother/father, etc.).'),
(130, 9, '2020-07-13 13:15:06', '2020-07-13 13:15:06', 'During my usual day, I am physically active (I take the stairs instead of the elevator, I walk).'),
(131, 9, '2020-07-13 13:15:44', '2020-07-13 13:15:44', 'During my usual day, I take time to stretch and to relax.'),
(132, 9, '2020-07-13 13:16:18', '2020-07-13 13:16:18', 'I exercise at least once a week.'),
(133, 9, '2020-07-13 13:17:45', '2020-07-13 13:17:45', 'To ease my aches and pains, I prefer natural remedies to medication.'),
(134, 9, '2020-07-13 13:18:22', '2020-07-13 13:18:22', 'I have a check-up exam at least once every three years.'),
(135, 9, '2020-07-13 13:18:52', '2020-07-13 13:18:52', 'Once I get to bed, I fall asleep easily.');

-- --------------------------------------------------------

--
-- Table structure for table `quotes`
--

CREATE TABLE `quotes` (
  `id` bigint UNSIGNED NOT NULL,
  `Author` varchar(255) CHARACTER SET utf8mb4 COLLATE utf8mb4_unicode_ci NOT NULL,
  `Quote` text CHARACTER SET utf8mb4 COLLATE utf8mb4_unicode_ci NOT NULL,
  `Inspired_from` varchar(255) CHARACTER SET utf8mb4 COLLATE utf8mb4_unicode_ci NOT NULL,
  `Tag` varchar(255) CHARACTER SET utf8mb4 COLLATE utf8mb4_unicode_ci NOT NULL,
  `Link` varchar(255) CHARACTER SET utf8mb4 COLLATE utf8mb4_unicode_ci NOT NULL,
  `Image` mediumtext CHARACTER SET utf8mb4 COLLATE utf8mb4_unicode_ci,
  `created_at` timestamp NULL DEFAULT NULL,
  `updated_at` timestamp NULL DEFAULT NULL
) ENGINE=InnoDB DEFAULT CHARSET=utf8mb4 COLLATE=utf8mb4_unicode_ci;

--
-- Dumping data for table `quotes`
--

INSERT INTO `quotes` (`id`, `Author`, `Quote`, `Inspired_from`, `Tag`, `Link`, `Image`, `created_at`, `updated_at`) VALUES
(1, 'Sylvia Plath', 'God, but life is loneliness, despite all the opiates, despite the shrill tinsel gaiety of \'parties\' with no purpose, despite the false grinning faces we all wear', 'The Unabridged Journals of Sylvia Plath', 'Depression', 'https://www.betterhelp.com/advice/depression/15-short-depression-quotes-from-famous-authors/', '3_1.jpg', NULL, NULL),
(2, 'Allan Rufus', 'Life is like a game of chess. To win you have to make a move. Knowing which move to make comes with IN-SIGHT and knowledge, and by learning the lessons that are acculated along the way', 'The Master\'s Sacred Knowledge', 'Suicide', 'https://www.goodreads.com/quotes/tag/suicidal-thoughts', '3_2.jpg', NULL, NULL),
(3, 'Amit Ray', 'If you want to conquer the anxiety of life, live in the moment, live in the breath', 'Om Chanting and Meditation', 'Stress', 'https://www.goodreads.com/quotes/tag/stress', '3_3.jpg', NULL, NULL),
(4, 'Nicole Lyons', 'I have never seen battles quite as terrifyingly beautiful as the ones I fight when my mind splinters and races, to swallow me into my own madness, again', 'Hush', 'Stigma', 'https://www.goodreads.com/quotes/tag/stigma', NULL, NULL, NULL),
(5, 'Stephen Chbosky', 'I dont know if youve ever felt like that. That you wanted to sleep for a thousand years. Or just not exist. Or just not be aware that you do exist. Or something like that', 'The Perks of Being a Wallflower', 'Healthy sleep', 'https://www.goodreads.com/quotes/tag/sleep', '3_5.jpg', NULL, NULL),
(6, 'Jasmine Warga', 'Maybe we all have darkness inside of us and some of us are better at dealing with it than others', 'My Heart and Other Black Holes', 'mental health', 'https://www.goodreads.com/quotes/tag/mental-health', '3_6.jpg', NULL, NULL),
(7, 'Laini Taylor', 'Hope can be a powerful force. Maybe there\'s no actual magic in it, but when you know what you hope for most and hold it like a light within you, you can make things happen, almost like magic', 'Daughter of Smoke & Bone', 'Hopelessness', 'https://www.goodreads.com/quotes/tag/hopelessness', '3_7.jpg', NULL, NULL),
(8, 'Miya Yamanouchi', 'The only person you should ever fear losing in a relationship is you yourself', 'Embrace Your Sexual Self: A Practical Guide for Women', 'fear of loss', 'https://www.goodreads.com/quotes/tag/fear-of-loss', '3_8.jpg', NULL, NULL),
(9, 'Charles Bukowski', 'If you\'re going to try, go all the way. Otherwise, don\'t even start. This could mean losing girlfriends, wives, relatives and maybe even your mind', 'Factotum', 'social isolation', 'https://www.goodreads.com/quotes/tag/isolation', '3_9.jpg', NULL, NULL);

-- --------------------------------------------------------

--
-- Table structure for table `stories`
--

CREATE TABLE `stories` (
  `id` bigint UNSIGNED NOT NULL,
  `title` text CHARACTER SET utf8mb4 COLLATE utf8mb4_unicode_ci NOT NULL,
  `content` text CHARACTER SET utf8mb4 COLLATE utf8mb4_unicode_ci NOT NULL,
  `category` varchar(255) CHARACTER SET utf8mb4 COLLATE utf8mb4_unicode_ci NOT NULL,
  `likes` int NOT NULL DEFAULT '1',
  `image` mediumtext CHARACTER SET utf8mb4 COLLATE utf8mb4_unicode_ci,
  `created_at` timestamp NULL DEFAULT NULL,
  `updated_at` timestamp NULL DEFAULT NULL,
  `user_id` bigint UNSIGNED NOT NULL
) ENGINE=InnoDB DEFAULT CHARSET=utf8mb4 COLLATE=utf8mb4_unicode_ci;

--
-- Dumping data for table `stories`
--

INSERT INTO `stories` (`id`, `title`, `content`, `category`, `likes`, `image`, `created_at`, `updated_at`, `user_id`) VALUES
(2, 'What is Suicide and its causes?', 'Suicide is the act of intentionally causing one\'s own death. Mental disorders, including depression, bipolar disorder, autism, schizophrenia, personality disorders, anxiety disorders, and substance abuseincluding alcoholism and the use of benzodiazepines are risk factors.Some suicides are impulsive acts due to stress, such as from financial difficulties, relationship problems such as breakups, or bullying.Those who have previously attempted suicide are at a higher risk for future attempts.Effective suicide prevention efforts include limiting access to methods of suicide such as firearms, drugs, and poisons; treating mental disorders and substance misuse; careful media reporting about suicide; and improving economic conditions.\r\n\r\nCauses:\r\nSuicidal ideas  can occur when a person feels they are no longer able to cope with an overwhelming situation. This could stem from financial problems, death of a loved on, a broken relationship, or a devastating or debilitating illness.\r\n\r\nThe most common situations or life events that might cause suicidal thoughts are grief, sexual abuse, financial problems, remorse, rejection, a relationship breakup, and unemployment.\r\n\r\nThe following risk factors may have an impact on the probability of someone experiencing suicidal idea:\r\n\r\na family history of mental health issues\r\na family history of substance abuse\r\na family history of violence\r\na family history of suicide\r\na feeling of hopelessness\r\na feeling of seclusion or loneliness\r\nbeing gay with no family or home support\r\nbeing in trouble with the law\r\nbeing under the influence of alcohol or drugs\r\nfor children, having disciplinary, social or school problems\r\nhaving a problem with substance abuse\r\nhaving a psychiatric disorder or mental illness\r\nhaving attempted suicide before\r\nbeing prone to reckless or impulsive behavior\r\npossessing a gun\r\nsleep deprivation\r\nknowing, identifying, or being associated with someone who has committed suicide\r\nConditions that are linked to a higher risk of suicidal ideation include:\r\n\r\nadjustment disorder\r\nanorexia nervosa\r\nbipolar disorder\r\nbody dysmorphic disorder\r\nborderline personality disorder\r\ndissociative identity disorder\r\ngender dysphoria, or gender identity disorder\r\nmajor depressive disorder\r\npanic disorder\r\npost-traumatic stress disorder (PTSD)\r\nschizophrenia\r\nsocial anxiety disorder\r\ngeneralized anxiety disorder\r\nsubstance abuse\r\nexposure to suicidal behavior in others\r\nGenetic factors may increase the risk of suicidal ideas. Individuals with suicidal thoughts tend to have a family history of suicide or suicidal thoughts.', 'Suicide', 1, '3_2.jpg', '2020-07-12 01:00:18', '2020-07-12 01:00:18', 1),
(5, 'Healthy sleep and its benefits to us', '1. Sleep helps reduce stress\r\nIf your body doesnt get enough sleep, it can react by producing an elevated level of stress hormones, which are a natural result of todays fast-paced lifestyles. Deep and regular sleep can help prevent this.\r\n\r\n2. Sleep can improve your memory\r\nEver noticed that when youre really tired its harder to remember things? Basically, this is your brain telling you that its not getting enough sleep. When you sleep well, your body may be resting but your brain is busy organising and storing memories. So getting more quality sleep will help you remember and process things better.\r\n\r\n3. Sleep can lower your blood pressure\r\nHigher blood pressure increases your chances of heart attacks and strokes, but getting plenty of restful sleep encourages a constant state of relaxation that can help reduce blood pressure and generally keep it under control.\r\n\r\n4. Sleep helps your body to fight back\r\nWhile youre sleeping your body is producing extra protein molecules that can strengthen your ability to fight infections. If youre feeling a bit run down and dont want it to turn into a full-blown cold, go to bed early and get lots of rest.\r\n\r\n5. Sleep can help you maintain your weight\r\nUnfortunately, sleep wont directly make you lose weight, but it can help you keep it under control by regulating the hormones that affect your appetite and reducing your cravings for high calorie foods.\r\n\r\n6. Sleep puts you in a better mood\r\nLack of sleep can make us more agitated, so were more likely to snap at our boss or be grumpy with a loved one  neither of which is a good thing. The better you sleep, the better your ability to stay calm, controlled and reasonable.\r\n\r\n7. Sleep could reduce your chances of diabetes\r\nSome research studies have shown that not getting enough sleep may lead to type 2 diabetes by affecting how your body processes glucose. Its not conclusive by any means, but its yet another indication of how important the benefits of sleep can be.\r\n\r\n8. Sleep helps keep your heart healthy\r\nA regular sleep pattern can help to lower the levels of stress and inflammation to your cardiovascular system, which in turn can reduce your chances of a heart condition.\r\n\r\n9. Sleep can be a painkiller\r\nIf youre suffering pain from a recent injury like a sprained ankle, getting plenty of sleep can actually make it hurt less. Many studies have shown a link between sleep loss and a lower pain threshold. Basically the more sleep you get, the less pain you might be in.\r\n\r\n10. Sleep can make you smarter\r\nAlong with a great nights sleep, grabbing a quick nap in the daytime can contribute towards making your brain more effective and productive. You wont necessarily be answering all the questions on University Challenge, but you may well feel sharper, more attentive, and focused throughout the day.', 'Healthy Sleep', 1, '3_5.jpg', '2020-07-12 01:02:55', '2020-07-12 01:02:55', 1),
(11, 'Healthy sleep and its benefits to us', '1. Sleep helps reduce stress\r\nIf your body doesnt get enough sleep, it can react by producing an elevated level of stress hormones, which are a natural result of todays fast-paced lifestyles. Deep and regular sleep can help prevent this.\r\n\r\n2. Sleep can improve your memory\r\nEver noticed that when youre really tired its harder to remember things? Basically, this is your brain telling you that its not getting enough sleep. When you sleep well, your body may be resting but your brain is busy organising and storing memories. So getting more quality sleep will help you remember and process things better.\r\n\r\n3. Sleep can lower your blood pressure\r\nHigher blood pressure increases your chances of heart attacks and strokes, but getting plenty of restful sleep encourages a constant state of relaxation that can help reduce blood pressure and generally keep it under control.\r\n\r\n4. Sleep helps your body to fight back\r\nWhile youre sleeping your body is producing extra protein molecules that can strengthen your ability to fight infections. If youre feeling a bit run down and dont want it to turn into a full-blown cold, go to bed early and get lots of rest.\r\n\r\n5. Sleep can help you maintain your weight\r\nUnfortunately, sleep wont directly make you lose weight, but it can help you keep it under control by regulating the hormones that affect your appetite and reducing your cravings for high calorie foods.\r\n\r\n6. Sleep puts you in a better mood\r\nLack of sleep can make us more agitated, so were more likely to snap at our boss or be grumpy with a loved one  neither of which is a good thing. The better you sleep, the better your ability to stay calm, controlled and reasonable.\r\n\r\n7. Sleep could reduce your chances of diabetes\r\nSome research studies have shown that not getting enough sleep may lead to type 2 diabetes by affecting how your body processes glucose. Its not conclusive by any means, but its yet another indication of how important the benefits of sleep can be.\r\n\r\n8. Sleep helps keep your heart healthy\r\nA regular sleep pattern can help to lower the levels of stress and inflammation to your cardiovascular system, which in turn can reduce your chances of a heart condition.\r\n\r\n9. Sleep can be a painkiller\r\nIf youre suffering pain from a recent injury like a sprained ankle, getting plenty of sleep can actually make it hurt less. Many studies have shown a link between sleep loss and a lower pain threshold. Basically the more sleep you get, the less pain you might be in.\r\n\r\n10. Sleep can make you smarter\r\nAlong with a great nights sleep, grabbing a quick nap in the daytime can contribute towards making your brain more effective and productive. You wont necessarily be answering all the questions on University Challenge, but you may well feel sharper, more attentive, and focused throughout the day.', 'Healthy Sleep', 1, '3_5.jpg', '2020-07-12 01:02:55', '2020-07-12 01:02:55', 1);

-- --------------------------------------------------------

--
-- Table structure for table `subscriptions`
--

CREATE TABLE `subscriptions` (
  `id` bigint UNSIGNED NOT NULL,
  `subscriberEmail` varchar(255) CHARACTER SET utf8mb4 COLLATE utf8mb4_unicode_ci NOT NULL,
  `created_at` timestamp NULL DEFAULT NULL,
  `updated_at` timestamp NULL DEFAULT NULL,
  `user_id` bigint UNSIGNED NOT NULL
) ENGINE=InnoDB DEFAULT CHARSET=utf8mb4 COLLATE=utf8mb4_unicode_ci;

--
-- Dumping data for table `subscriptions`
--

INSERT INTO `subscriptions` (`id`, `subscriberEmail`, `created_at`, `updated_at`, `user_id`) VALUES
(1, '', '2020-07-15 13:30:30', '2020-07-15 13:30:30', 13);

-- --------------------------------------------------------

--
-- Table structure for table `suggestion`
--

CREATE TABLE `suggestion` (
  `name` varchar(100) CHARACTER SET utf8mb4 COLLATE utf8mb4_unicode_ci NOT NULL,
  `email` varchar(100) CHARACTER SET utf8mb4 COLLATE utf8mb4_unicode_ci NOT NULL,
  `comment` varchar(100) CHARACTER SET utf8mb4 COLLATE utf8mb4_unicode_ci NOT NULL,
  `timestamp` datetime NOT NULL,
  `id` bigint UNSIGNED NOT NULL
) ENGINE=InnoDB DEFAULT CHARSET=utf8mb4 COLLATE=utf8mb4_unicode_ci;

--
-- Dumping data for table `suggestion`
--

INSERT INTO `suggestion` (`name`, `email`, `comment`, `timestamp`, `id`) VALUES
('GUDIPATI SAI KRISHNA', 'saikrishna62892@gmail.com', 'nice content', '2020-07-15 19:03:17', 1);

-- --------------------------------------------------------

--
-- Table structure for table `surveys`
--

CREATE TABLE `surveys` (
  `id` bigint UNSIGNED NOT NULL,
  `user_id` bigint UNSIGNED NOT NULL,
  `questionnaire_id` bigint UNSIGNED NOT NULL,
  `awarded_point` double(8,2) NOT NULL,
  `created_at` timestamp NULL DEFAULT NULL,
  `updated_at` timestamp NULL DEFAULT NULL
) ENGINE=InnoDB DEFAULT CHARSET=utf8mb4 COLLATE=utf8mb4_unicode_ci;

--
-- Dumping data for table `surveys`
--

INSERT INTO `surveys` (`id`, `user_id`, `questionnaire_id`, `awarded_point`, `created_at`, `updated_at`) VALUES
(1, 13, 1, 12.25, '2020-07-13 16:47:26', '2020-07-13 16:47:26'),
(2, 13, 1, 12.25, '2020-07-13 16:49:25', '2020-07-13 16:49:25'),
(3, 13, 1, 12.25, '2020-07-13 16:51:08', '2020-07-13 16:51:08'),
(4, 13, 1, 12.25, '2020-07-13 16:53:54', '2020-07-13 16:53:54'),
(5, 13, 1, 12.25, '2020-07-13 16:55:26', '2020-07-13 16:55:26'),
(6, 13, 1, 12.25, '2020-07-13 16:56:01', '2020-07-13 16:56:01'),
(7, 13, 1, 12.25, '2020-07-13 16:56:49', '2020-07-13 16:56:49'),
(8, 13, 1, 12.25, '2020-07-13 16:57:12', '2020-07-13 16:57:12'),
(9, 13, 1, 12.25, '2020-07-13 16:58:16', '2020-07-13 16:58:16'),
(10, 13, 1, 12.25, '2020-07-13 16:58:41', '2020-07-13 16:58:41'),
(11, 13, 1, 12.25, '2020-07-13 17:00:53', '2020-07-13 17:00:53'),
(12, 13, 1, 12.25, '2020-07-13 17:01:13', '2020-07-13 17:01:13'),
(13, 13, 1, 12.25, '2020-07-13 17:02:59', '2020-07-13 17:02:59'),
(14, 13, 1, 12.25, '2020-07-13 17:03:37', '2020-07-13 17:03:37'),
(15, 13, 1, 12.25, '2020-07-13 17:05:17', '2020-07-13 17:05:17'),
(16, 13, 1, 12.25, '2020-07-13 17:05:32', '2020-07-13 17:05:32'),
(17, 13, 1, 12.25, '2020-07-13 17:06:13', '2020-07-13 17:06:13'),
(18, 13, 1, 12.25, '2020-07-13 17:06:54', '2020-07-13 17:06:54'),
(19, 13, 1, 12.25, '2020-07-13 17:07:12', '2020-07-13 17:07:12'),
(20, 13, 1, 12.25, '2020-07-13 17:07:28', '2020-07-13 17:07:28'),
(21, 13, 1, 12.25, '2020-07-13 17:09:12', '2020-07-13 17:09:12'),
(22, 13, 1, 12.25, '2020-07-13 17:09:59', '2020-07-13 17:09:59'),
(23, 13, 1, 12.25, '2020-07-13 17:10:37', '2020-07-13 17:10:37'),
(24, 13, 1, 12.25, '2020-07-13 17:13:41', '2020-07-13 17:13:41'),
(25, 13, 1, 12.25, '2020-07-13 17:14:02', '2020-07-13 17:14:02'),
(26, 13, 1, 12.25, '2020-07-13 17:22:06', '2020-07-13 17:22:06'),
(27, 13, 1, 12.25, '2020-07-13 17:22:46', '2020-07-13 17:22:46'),
(28, 13, 1, 12.25, '2020-07-13 17:24:08', '2020-07-13 17:24:08'),
(29, 13, 1, 12.25, '2020-07-13 17:26:25', '2020-07-13 17:26:25'),
(30, 13, 1, 12.25, '2020-07-13 17:26:58', '2020-07-13 17:26:58'),
(31, 13, 1, 12.25, '2020-07-13 17:27:21', '2020-07-13 17:27:21'),
(32, 13, 1, 12.25, '2020-07-13 17:32:41', '2020-07-13 17:32:41'),
(33, 13, 1, 12.25, '2020-07-13 17:34:09', '2020-07-13 17:34:09'),
(34, 13, 1, 12.25, '2020-07-13 17:36:18', '2020-07-13 17:36:18'),
(35, 13, 1, 12.25, '2020-07-13 17:38:48', '2020-07-13 17:38:48'),
(36, 13, 1, 12.25, '2020-07-13 17:39:30', '2020-07-13 17:39:30'),
(37, 13, 1, 12.25, '2020-07-13 17:41:42', '2020-07-13 17:41:42'),
(38, 13, 1, 12.25, '2020-07-13 17:42:13', '2020-07-13 17:42:13'),
(39, 13, 1, 12.25, '2020-07-13 17:42:48', '2020-07-13 17:42:48'),
(40, 13, 1, 12.50, '2020-07-14 02:53:12', '2020-07-14 02:53:12'),
(41, 13, 1, 9.00, '2020-07-15 13:37:46', '2020-07-15 13:37:46'),
(42, 13, 3, 11.75, '2020-07-15 15:50:08', '2020-07-15 15:50:08');

-- --------------------------------------------------------

--
-- Table structure for table `talks`
--

CREATE TABLE `talks` (
  `id` bigint UNSIGNED NOT NULL,
  `title` text CHARACTER SET utf8mb4 COLLATE utf8mb4_unicode_ci NOT NULL,
  `content` text CHARACTER SET utf8mb4 COLLATE utf8mb4_unicode_ci NOT NULL,
  `category` varchar(255) CHARACTER SET utf8mb4 COLLATE utf8mb4_unicode_ci NOT NULL,
  `likes` int NOT NULL DEFAULT '1',
  `image` mediumtext CHARACTER SET utf8mb4 COLLATE utf8mb4_unicode_ci,
  `user_id` bigint UNSIGNED NOT NULL,
  `created_at` timestamp NULL DEFAULT NULL,
  `updated_at` timestamp NULL DEFAULT NULL
) ENGINE=InnoDB DEFAULT CHARSET=utf8mb4 COLLATE=utf8mb4_unicode_ci;

--
-- Dumping data for table `talks`
--

INSERT INTO `talks` (`id`, `title`, `content`, `category`, `likes`, `image`, `user_id`, `created_at`, `updated_at`) VALUES
(1, 'What is Depression and its symptoms?', 'Depression (major depressive disorder) is a common and serious medical illness that negatively affects how you feel, the way you think and how you act. Fortunately, it is also treatable. Depression causes feelings of sadness and/or a loss of interest in activities once enjoyed. It can lead to a variety of emotional and physical problems and can decrease a persons ability to function at work and at home.\r\n\r\nDepression symptoms can vary from mild to severe and can include:\r\n\r\n1)Feeling sad or having a depressed mood\r\n2)Loss of interest or pleasure in activities once enjoyed\r\n3)Changes in appetite  weight loss or gain unrelated to dieting\r\n4)Trouble sleeping or sleeping too much\r\n5)Loss of energy or increased fatigue\r\n6)Increase in purposeless physical activity (e.g., hand-wringing or pacing) or slowed movements and speech (actions observable by others)\r\n7)Feeling worthless or guilty\r\n8)Difficulty thinking, concentrating or making decisions\r\n9)Thoughts of death or suicide\r\n\r\nSymptoms must last at least two weeks for a diagnosis of depression.\r\n\r\nAlso, medical conditions (e.g., thyroid problems, a brain tumor or vitamin deficiency) can mimic symptoms of depression so it is important to rule out general medical causes.\r\n\r\nDepression affects an estimated one in 15 adults (6.7%) in any given year. And one in six people (16.6%) will experience depression at some time in their life. Depression can strike at any time, but on average, first appears during the late teens to mid-20s. Women are more likely than men to experience depression. Some studies show that one-third of women will experience a major depressive episode in their lifetime.', 'Depression', 1, '3_1.jpg', 3, '2020-07-07 14:23:34', '2020-07-07 14:23:34'),
(2, 'What is Suicide and its causes?', 'Suicide is the act of intentionally causing one\'s own death. Mental disorders, including depression, bipolar disorder, autism, schizophrenia, personality disorders, anxiety disorders, and substance abuseincluding alcoholism and the use of benzodiazepines are risk factors.Some suicides are impulsive acts due to stress, such as from financial difficulties, relationship problems such as breakups, or bullying.Those who have previously attempted suicide are at a higher risk for future attempts.Effective suicide prevention efforts include limiting access to methods of suicide such as firearms, drugs, and poisons; treating mental disorders and substance misuse; careful media reporting about suicide; and improving economic conditions.\r\n\r\nCauses:\r\nSuicidal ideas  can occur when a person feels they are no longer able to cope with an overwhelming situation. This could stem from financial problems, death of a loved on, a broken relationship, or a devastating or debilitating illness.\r\n\r\nThe most common situations or life events that might cause suicidal thoughts are grief, sexual abuse, financial problems, remorse, rejection, a relationship breakup, and unemployment.\r\n\r\nThe following risk factors may have an impact on the probability of someone experiencing suicidal idea:\r\n\r\na family history of mental health issues\r\na family history of substance abuse\r\na family history of violence\r\na family history of suicide\r\na feeling of hopelessness\r\na feeling of seclusion or loneliness\r\nbeing gay with no family or home support\r\nbeing in trouble with the law\r\nbeing under the influence of alcohol or drugs\r\nfor children, having disciplinary, social or school problems\r\nhaving a problem with substance abuse\r\nhaving a psychiatric disorder or mental illness\r\nhaving attempted suicide before\r\nbeing prone to reckless or impulsive behavior\r\npossessing a gun\r\nsleep deprivation\r\nknowing, identifying, or being associated with someone who has committed suicide\r\nConditions that are linked to a higher risk of suicidal ideation include:\r\n\r\nadjustment disorder\r\nanorexia nervosa\r\nbipolar disorder\r\nbody dysmorphic disorder\r\nborderline personality disorder\r\ndissociative identity disorder\r\ngender dysphoria, or gender identity disorder\r\nmajor depressive disorder\r\npanic disorder\r\npost-traumatic stress disorder (PTSD)\r\nschizophrenia\r\nsocial anxiety disorder\r\ngeneralized anxiety disorder\r\nsubstance abuse\r\nexposure to suicidal behavior in others\r\nGenetic factors may increase the risk of suicidal ideas. Individuals with suicidal thoughts tend to have a family history of suicide or suicidal thoughts.', 'Suicide', 1, '3_2.jpg', 3, '2020-07-07 14:48:18', '2020-07-07 14:48:18'),
(3, 'What is stress and how to reduce stress?', 'What is stress?\r\nStress is the body\'s reaction to any change that requires an adjustment or response. The body reacts to these changes with physical, mental, and emotional responses. Stress is a normal part of life. You can experience stress from your environment, your body, and your thoughts. Even positive life changes such as a promotion, a mortgage, or the birth of a child produce stress.\r\n\r\nHow does stress affect health?\r\nThe human body is designed to experience stress and react to it. Stress can be positive, keeping us alert, motivated, and ready to avoid danger. Stress becomes negative when a person faces continuous challenges without relief or relaxation between stressors. As a result, the person becomes overworked, and stress-related tension builds. The body\'s autonomic nervous system has a built-in stress response that causes physiological changes to allow the body to combat stressful situations. This stress response, also known as the \"fight or flight response\", is activated in case of an emergency. However, this response can become chronically activated during prolonged periods of stress. Prolonged activation of the stress response causes wear and tear on the body  both physical and emotional.\r\n\r\nStress that continues without relief can lead to a condition called distress  a negative stress reaction. Distress can disturb the body\'s internal balance or equilibrium, leading to physical symptoms such as headaches, an upset stomach, elevated blood pressure, chest pain, sexual dysfunction, and problems sleeping. Emotional problems can also result from distress. These problems include depression, panic attacks, or other forms of anxiety and worry. Research suggests that stress also can bring on or worsen certain symptoms or diseases. Stress is linked to 6 of the leading causes of death: heart disease, cancer, lung ailments, accidents, cirrhosis of the liver, and suicide.\r\n\r\nStress also becomes harmful when people engage in the compulsive use of substances or behaviors to try to relieve their stress. These substances or behaviors include food, alcohol, tobacco, drugs, gambling, sex, shopping, and the Internet. Rather than relieving the stress and returning the body to a relaxed state, these substances and compulsive behaviors tend to keep the body in a stressed state and cause more problems. The distressed person becomes trapped in a vicious circle.\r\n\r\nWhat are the warning signs of stress?\r\nChronic stress can wear down the body\'s natural defenses, leading to a variety of physical symptoms, including the following:\r\n\r\n1)Dizziness or a general feeling of \"being out of it.\"\r\n2)General aches and pains.\r\n3)Grinding teeth, clenched jaw.\r\n4)Headaches.\r\n5)Indigestion or acid reflux symptoms.\r\n6)Increase in or loss of appetite.\r\n7)Muscle tension in neck, face or shoulders.\r\n8)Problems sleeping.\r\n9)Racing heart.\r\n10)Cold and sweaty palms.\r\n11)Tiredness, exhaustion.\r\n12)Trembling/shaking.\r\n13)Weight gain or loss.\r\n14)Upset stomach, diarrhea.\r\n15)Sexual difficulties.\r\n\r\nTips for reducing stress\r\nPeople can learn to manage stress and lead happier, healthier lives. You may want to begin with the following tips:\r\n\r\n1)Keep a positive attitude.\r\n2)Accept that there are events that you cannot control.\r\n3)Be assertive instead of aggressive. Assert your feelings, opinions, or beliefs instead of becoming angry, defensive, or passive.\r\n4)Learn and practice relaxation techniques; try meditation, yoga, or tai-chi.\r\n5)Exercise regularly. Your body can fight stress better when it is fit.\r\n6)Eat healthy, well-balanced meals.\r\n7)Learn to manage your time more effectively.\r\n8)Set limits appropriately and say no to requests that would create excessive stress in your life.\r\n9)Make time for hobbies and interests.\r\n10)Get enough rest and sleep. Your body needs time to recover from stressful events.\r\n11)Don\'t rely on alcohol, drugs, or compulsive behaviors to reduce stress.\r\n12)Seek out social support. Spend enough time with those you love.\r\n13)Seek treatment with a psychologist or other mental health professional trained in stress management or biofeedback techniques to learn more healthy ways of dealing with the stress in your life.', 'Stress', 1, '3_3.jpg', 3, '2020-07-07 14:55:07', '2020-07-07 14:55:07'),
(4, 'What is Stigma,Signs and impact it creates?', 'Stigma involves negative attitudes or discrimination against someone based on a distinguishing characteristic such as a mental illness, health condition, or disability. Social stigmas can also be related to other characteristics including gender, sexuality, race, religion, and culture. Unfortunately, stigma surrounding mental health is still common. While stigma is not limited to mental conditions, attitudes towards psychiatric illnesses tend to be more negative than that toward medical conditions.\r\n\r\nResearch has shown that stigma is one of the leading risk factors contributing to poor mental health outcomes. Stigma leads to delays in treatment. It also reduces the chances that a person with mental illness will receive appropriate and adequate care.1\r\n\r\nSigns of Stigma\r\nExamples of how stigma is perpetuated include:\r\n\r\n1)Media depictions where the villain is often a character with a mental illness\r\n2)Harmful stereotypes of people with mental illness\r\n3)Treating mental health issues as if they are something people can overcome if they just \"try harder\" or \"snap out of it\"\r\n4)Using phrases like \"she\'s crazy\" or \"he\'s nuts\" to describe other people or their behavior\r\n5)Halloween costumes that depict people with mental illness as violent and dangerous\r\n\r\nAnyone who has had experience with mental illness, personally or professionally, can tell you that despite advances in psychiatry and psychology, a great deal of stigma remains. While people have become more informed about mental disorders in general, stigma continues to be a reality.\r\n\r\n\r\nTypes of Stigma\r\nThe stigma associated with mental illness can be divided into two types:\r\n\r\nSocial stigma, which involves the prejudiced attitudes others have around mental illness\r\nSelf-perceived stigma, which involves an internalized stigma the person with the mental illness suffers from\r\n\r\nImpact of Stigma\r\nThe consequences of stigma can be serious and devastating. With stigma comes a lack of understanding from others, which can be invalidating and painful, but stigma also carries more serious consequences including fueling fear, anger, and intolerance directed at other people. People who are subjected to stigma are more likely to experience:\r\n\r\n1)Reluctance to seek out treatment\r\n2)Delayed treatment, which increases morbidity and mortality\r\n3)Social rejection, avoidance, and isolation\r\n4)Worse psychological well-being\r\n5)Poor understanding among friends and family\r\n6)Harassment, violence, or bullying\r\n7)Poor quality of life, disability, and increased socioeconomic burden\r\n8)Increased feelings of shame and self-doubt', 'Stigma', 1, '3_4.png', 3, '2020-07-07 15:13:12', '2020-07-07 15:13:12'),
(5, 'Healthy sleep and its benefits to us', '1. Sleep helps reduce stress\r\nIf your body doesnt get enough sleep, it can react by producing an elevated level of stress hormones, which are a natural result of todays fast-paced lifestyles. Deep and regular sleep can help prevent this.\r\n\r\n2. Sleep can improve your memory\r\nEver noticed that when youre really tired its harder to remember things? Basically, this is your brain telling you that its not getting enough sleep. When you sleep well, your body may be resting but your brain is busy organising and storing memories. So getting more quality sleep will help you remember and process things better.\r\n\r\n3. Sleep can lower your blood pressure\r\nHigher blood pressure increases your chances of heart attacks and strokes, but getting plenty of restful sleep encourages a constant state of relaxation that can help reduce blood pressure and generally keep it under control.\r\n\r\n4. Sleep helps your body to fight back\r\nWhile youre sleeping your body is producing extra protein molecules that can strengthen your ability to fight infections. If youre feeling a bit run down and dont want it to turn into a full-blown cold, go to bed early and get lots of rest.\r\n\r\n5. Sleep can help you maintain your weight\r\nUnfortunately, sleep wont directly make you lose weight, but it can help you keep it under control by regulating the hormones that affect your appetite and reducing your cravings for high calorie foods.\r\n\r\n6. Sleep puts you in a better mood\r\nLack of sleep can make us more agitated, so were more likely to snap at our boss or be grumpy with a loved one  neither of which is a good thing. The better you sleep, the better your ability to stay calm, controlled and reasonable.\r\n\r\n7. Sleep could reduce your chances of diabetes\r\nSome research studies have shown that not getting enough sleep may lead to type 2 diabetes by affecting how your body processes glucose. Its not conclusive by any means, but its yet another indication of how important the benefits of sleep can be.\r\n\r\n8. Sleep helps keep your heart healthy\r\nA regular sleep pattern can help to lower the levels of stress and inflammation to your cardiovascular system, which in turn can reduce your chances of a heart condition.\r\n\r\n9. Sleep can be a painkiller\r\nIf youre suffering pain from a recent injury like a sprained ankle, getting plenty of sleep can actually make it hurt less. Many studies have shown a link between sleep loss and a lower pain threshold. Basically the more sleep you get, the less pain you might be in.\r\n\r\n10. Sleep can make you smarter\r\nAlong with a great nights sleep, grabbing a quick nap in the daytime can contribute towards making your brain more effective and productive. You wont necessarily be answering all the questions on University Challenge, but you may well feel sharper, more attentive, and focused throughout the day.', 'Healthy Sleep', 1, '3_5.jpg', 3, '2020-07-07 15:18:31', '2020-07-07 15:18:31'),
(6, 'What is mental illness and its symptoms?', 'Mental illness, also called mental health disorders, refers to a wide range of mental health conditions  disorders that affect your mood, thinking and behavior. Examples of mental illness include depression, anxiety disorders, schizophrenia, eating disorders and addictive behaviors.\r\n\r\nMany people have mental health concerns from time to time. But a mental health concern becomes a mental illness when ongoing signs and symptoms cause frequent stress and affect your ability to function.\r\n\r\nA mental illness can make you miserable and can cause problems in your daily life, such as at school or work or in relationships. In most cases, symptoms can be managed with a combination of medications and talk therapy (psychotherapy).\r\n\r\n\r\nSymptoms\r\nSigns and symptoms of mental illness can vary, depending on the disorder, circumstances and other factors. Mental illness symptoms can affect emotions, thoughts and behaviors.\r\n\r\nExamples of signs and symptoms include:\r\n\r\n1)Feeling sad or down\r\n2)Confused thinking or reduced ability to concentrate\r\n3)Excessive fears or worries, or extreme feelings of guilt\r\n4)Extreme mood changes of highs and lows\r\n5)Withdrawal from friends and activities\r\n6)Significant tiredness, low energy or problems sleeping\r\n7)Detachment from reality (delusions), paranoia or hallucinations\r\n8)Inability to cope with daily problems or stress\r\n9)Trouble understanding and relating to situations and to people\r\n10)Problems with alcohol or drug use\r\n11)Major changes in eating habits\r\n12)Sex drive changes\r\n13)Excessive anger, hostility or violence\r\n14)Suicidal thinking', 'Mental Illness', 1, '3_6.jpg', 3, '2020-07-07 15:23:02', '2020-07-07 15:23:02'),
(7, 'What is hopelessness and how to overcome it?', 'Hope involves a desire that is held with a certain conviction that the desire will be accomplished.  To hope is to trust in certain future outcomes.  The outcomes can include: a) an inner transformation (reduction in anxiety, greater inner peace, as examples); b) a change in relationships (finding one\'s true love, as an example); c) an alteration of environmental circumstances (better living conditions, a new job, more money); d) and transcendent expectations (eternal life of happiness).   \r\n\r\nHopelessness is the reverse of the above.  One expects: a) the inner torment to continue; b) one will remain alone or in frustrated relationships; c) one will struggle with few worldly goods; and d) there is nothing other than this world; when one dies, that is the end of the story.\r\n\r\nNever Give Up\r\nThere is much reason for hope, even when you can\'t see it at first. You can accidentally short-circuit hopelessness thoughts by flipping a page in a book and unexpectedly getting an idea that gives you a different perspective. The unexpected can happen in other ways, such as your depression may spontaneously lift. However, your best bet is to deal with hopelessness thinking by learning about this enemy and its points of vulnerability. Then work to weaken the vulnerable points until hopelessness thinking fades.', 'Hopelessness', 1, '3_7.jpg', 3, '2020-07-07 15:31:52', '2020-07-07 15:31:52'),
(8, 'Fear of loss and how to overcome it?', 'Death is not the greatest loss in life. The greatest loss is what dies inside us while we live. ~Norman Cousins\r\n\r\nOvercome fear of loss:\r\n1. Ask yourself, What am I scared of losing?\r\nThis may seem like an obvious question, but Ive learned that its all too easy to go through our days, making choices, without recognizing the underlying feelings that motivate them.\r\n\r\nWhenever you have a choice to make, recognize in what way youre motivated by the fear of losing something, whether its comfort, security, control, money, companionship, or something else.\r\n\r\nOnce you understand what youre scared of losing, you can\r\n\r\n2. Ascertain if youre seeing the whole picture.\r\nThere was a time when I worked sixty-plus hours/week to hold onto a job I didnt even want. I was the last remaining US employee after a massive layoff, but I didnt feel ready to lose that job.\r\n\r\nAfter several months of working long hours from home, I realized Id never feel ready. It wasnt until I finally got laid off that I started planning for this site.\r\n\r\nMy logic was faultythat it was best to stay with the sure thing, because I wasnt ready to do something elsebecause the reality was that I needed the time and space to figure out that something else.\r\n\r\nIn other words, loss was necessary to set me up for gain; it wasnt the other way around.\r\n\r\nIf youre making a decision, or avoiding making a decision, based on the fear of what you might lose, ask yourself if youre losing more by not doing what you really want to do.\r\n\r\nWhen you attempt to see beyond the fear, youre better able to recognize if youre keeping yourself stuckand if youd benefit from letting go of what you think you need.\r\n\r\n3. Use loss aversion as motivation to pursue what you really want.\r\nIn a post on Money Ning, Emily Guy Birken suggests we can benefit from the fear of loss by charting our progress toward a goal. Just as we dont want to lose time and money, we dont want to lose momentum.\r\n\r\nIf you hang a large calendar on your wall, and put a star on every day when you do something positivelike exercise, practice a new hobby, or send out a resume for a new jobyoull create a psychological need to keep that streak going.\r\n\r\nBirken writes, Your disappointment in seeing a day without a gold star is greater than your happiness at any single days work.\r\n\r\nOf course, you have to know what you really want first.\r\n\r\n4. Regularly assess your intentions and motivations.\r\nThis ties into the last one. Sometimes we think we want something because weve wanted it for yearsand then we feel scared to lose that dream and all its related rewards.\r\n\r\nBut sometimes, as we grow and learn about ourselves and the world, our wants change.\r\n\r\nA friend of mine racked up massive debt studying law, only to realize a couple years into her career that it didnt fulfill her as she hoped it would. Shed built her whole life around this possibilityand she had close to $100,000 in student loans.\r\n\r\nShe could easily have felt stuck, as if shed lose too much if she walked away. But she did anyways. She moved to Chile and became a Pilates teacher, and though she ultimately realized shed need to return to law for a while longer to pay off her debt, shes released the emotional fears associated with pursuing a different path.\r\n\r\nAnd because shes experienced the joy of doing something else, she now has a compelling motivation to do it again: She knows what she stands to gain is greater than what she stands to lose.\r\n\r\nIf youre forcing yourself to do something and a part of you feels it isnt right, ask yourself, Do I actually want this right now? Theres a chance you do, and youre just feeling frustrated and discouragedbut theres also a chance you dont anymore. Only you can know for sure what you really want.\r\n\r\n5. Change how you see the inevitability of loss.\r\nThe reality is that loss is inevitable.\r\n\r\nWe will all lose relationships, situations, and states of being that we enjoy and love. Even if we practice non-attachment, on some level we will get comfortable with people and circumstances.\r\n\r\nYou could say that this is what makes life beautiful and meaningfulsince nothing lasts forever, each moment presents unique possibilities worth fully appreciating and savoring.\r\n\r\nOr you could say this is what makes life tragicthat everything is fleeting, and eventually it all slips away.\r\n\r\nHow we choose to see things dictates how well experience them. Would you rather see everything as precious or pointless?\r\n\r\nIf we can choose the former, we can recognize that every loss provides opportunities for future gainsnew relationships, experiences, and ways of being that may fulfill us in ways we cant possibly predict.\r\n\r\nOf course, this can only happen if we trust in our ability to recognize and create these new connections and situations. We all have the potential to do it.\r\n\r\nSome losses feel devastating when we experience themand sometimes, the gain isnt proportionate to the loss.\r\n\r\nBut somehow, we survive in the wake of almost every storm. Whether we thrive is up to us. Thats a choice we need to make proactively, not in response to what we fear, but in response to what we genuinely want to feel and do in this life.\r\n\r\nSo I leave you with this question: Why are you afraid of losing? And are you ready to trust in yourself and your abilities so that you can get unstuck?', 'Fear of Loss', 1, '3_8.jpg', 3, '2020-07-07 15:36:30', '2020-07-07 15:36:30'),
(9, 'What is social isolation and its effects?', 'Social isolation is a state of complete or near-complete lack of contact between an individual and society. It differs from loneliness, which reflects temporary and involuntary lack of contact with other humans in the world. Social isolation can be an issue for individuals of any age, though symptoms may differ by age group.\r\n\r\nSocial isolation has similar characteristics in both temporary instances and for those with a historical lifelong isolation cycle. All types of social isolation can include staying home for lengthy periods of time, having no communication with family, acquaintances or friends, and/or  avoiding any contact with other humans when those opportunities do arise.\r\n\r\nsocial isolation over years and decades can be a chronic condition affecting all aspects of a person\'s existence. Social isolation can lead to feelings of loneliness, fear of others, or negative self-esteem. Lack of consistent human contact can also cause conflict with the (peripheral) friends the socially isolated person may occasionally talk to or cause problems with family members.\r\n\r\nThe magnitude of risk associated with social isolation is comparable with that of cigarette smoking and other major biomedical and psycho-social risk factors. However, our understanding of how and why social isolation is risky for health or conversely how and why social ties and relationships are protective of health, still remains quite limited.\r\n\r\nIn the case of mood-related isolation, the individual may isolate during a depressive episode only to \'surface\' when their mood improves. The individual may attempt to justify their reclusive or isolating behavior as enjoyable or comfortable. There can be an inner realization on the part of the individual that there is something wrong with their isolating responses which can lead to heightened anxiety. Relationships can be a struggle, as the individual may reconnect with others during a healthier mood only to return to an isolated state during a subsequent low or depressed mood.', 'Social Isolation', 1, '3_9.jpg', 3, '2020-07-07 15:42:43', '2020-07-07 15:42:43'),
(10, 'What is Stigma,Signs and impact it creates?', 'Stigma involves negative attitudes or discrimination against someone based on a distinguishing characteristic such as a mental illness, health condition, or disability. Social stigmas can also be related to other characteristics including gender, sexuality, race, religion, and culture. Unfortunately, stigma surrounding mental health is still common. While stigma is not limited to mental conditions, attitudes towards psychiatric illnesses tend to be more negative than that toward medical conditions.\r\n\r\nResearch has shown that stigma is one of the leading risk factors contributing to poor mental health outcomes. Stigma leads to delays in treatment. It also reduces the chances that a person with mental illness will receive appropriate and adequate care.1\r\n\r\nSigns of Stigma\r\nExamples of how stigma is perpetuated include:\r\n\r\n1)Media depictions where the villain is often a character with a mental illness\r\n2)Harmful stereotypes of people with mental illness\r\n3)Treating mental health issues as if they are something people can overcome if they just \"try harder\" or \"snap out of it\"\r\n4)Using phrases like \"she\'s crazy\" or \"he\'s nuts\" to describe other people or their behavior\r\n5)Halloween costumes that depict people with mental illness as violent and dangerous\r\n\r\nAnyone who has had experience with mental illness, personally or professionally, can tell you that despite advances in psychiatry and psychology, a great deal of stigma remains. While people have become more informed about mental disorders in general, stigma continues to be a reality.\r\n\r\n\r\nTypes of Stigma\r\nThe stigma associated with mental illness can be divided into two types:\r\n\r\nSocial stigma, which involves the prejudiced attitudes others have around mental illness\r\nSelf-perceived stigma, which involves an internalized stigma the person with the mental illness suffers from\r\n\r\nImpact of Stigma\r\nThe consequences of stigma can be serious and devastating. With stigma comes a lack of understanding from others, which can be invalidating and painful, but stigma also carries more serious consequences including fueling fear, anger, and intolerance directed at other people. People who are subjected to stigma are more likely to experience:\r\n\r\n1)Reluctance to seek out treatment\r\n2)Delayed treatment, which increases morbidity and mortality\r\n3)Social rejection, avoidance, and isolation\r\n4)Worse psychological well-being\r\n5)Poor understanding among friends and family\r\n6)Harassment, violence, or bullying\r\n7)Poor quality of life, disability, and increased socioeconomic burden\r\n8)Increased feelings of shame and self-doubt', 'Stigma', 1, '3_4.png', 3, '2020-07-07 15:13:12', '2020-07-07 15:13:12');

-- --------------------------------------------------------

--
-- Table structure for table `users`
--

CREATE TABLE `users` (
  `id` bigint UNSIGNED NOT NULL,
  `name` varchar(255) CHARACTER SET utf8mb4 COLLATE utf8mb4_unicode_ci NOT NULL,
  `email` varchar(255) CHARACTER SET utf8mb4 COLLATE utf8mb4_unicode_ci NOT NULL,
  `email_verified_at` timestamp NULL DEFAULT NULL,
  `password` varchar(255) CHARACTER SET utf8mb4 COLLATE utf8mb4_unicode_ci NOT NULL,
  `remember_token` varchar(100) CHARACTER SET utf8mb4 COLLATE utf8mb4_unicode_ci DEFAULT NULL,
  `created_at` timestamp NULL DEFAULT NULL,
  `updated_at` timestamp NULL DEFAULT NULL,
  `is_admin` tinyint(1) DEFAULT '0',
  `is_Volunteer` tinyint(1) DEFAULT '0',
  `googleid` varchar(255) CHARACTER SET utf8mb4 COLLATE utf8mb4_unicode_ci DEFAULT NULL,
  `facebookid` varchar(255) CHARACTER SET utf8mb4 COLLATE utf8mb4_unicode_ci DEFAULT NULL,
  `checkins` int NOT NULL DEFAULT '0',
  `step2_done` tinyint(1) NOT NULL DEFAULT '0'
) ENGINE=InnoDB DEFAULT CHARSET=utf8mb4 COLLATE=utf8mb4_unicode_ci;

--
-- Dumping data for table `users`
--

INSERT INTO `users` (`id`, `name`, `email`, `email_verified_at`, `password`, `remember_token`, `created_at`, `updated_at`, `is_admin`, `is_Volunteer`, `googleid`, `facebookid`, `checkins`, `step2_done`) VALUES
(1, 'ganesh', 'ganeshchandu1996@gmail.com', NULL, '$2y$10$7c7ZZ/ctm/OOBUzaNOUmq.KNf/Z9FKnhrMIwN6YQ1Nt3eQxFzVW6e', NULL, NULL, NULL, 0, NULL, NULL, NULL, 0, 0),
(3, 'ganesh-admin', 'naramganeshm190510cs@nitc.ac.in', NULL, '$2y$10$7c7ZZ/ctm/OOBUzaNOUmq.KNf/Z9FKnhrMIwN6YQ1Nt3eQxFzVW6e', NULL, NULL, NULL, 1, NULL, NULL, NULL, 0, 0),
(8, 'admin', 'admin@gmail.com', '2020-07-11 08:14:29', '$2y$10$7c7ZZ/ctm/OOBUzaNOUmq.KNf/Z9FKnhrMIwN6YQ1Nt3eQxFzVW6e', NULL, '2020-07-11 08:14:29', '2020-07-11 08:14:29', 1, 0, NULL, NULL, 0, 0),
(10, 'volunteer', 'volunteer@gmail.com', '2020-07-11 09:36:49', '$2y$10$S2omV.BMpRQWsWv0CWGRQ.3HfKqNwf4pstmGU7BeD8ZLrEwTYK5p6', NULL, '2020-07-11 09:35:49', '2020-07-15 16:00:48', 0, 1, NULL, NULL, 45, 1),
(11, 'sai krishna', 'saikrishna62892@gmail.com', '2020-07-15 13:48:26', '$2y$10$xUihpOQRWIazswl5cBIAxOMsqc4AEBn46PDky58kKxBNFKR5KUeAG', 'WOj21a2yC7WJVKFfvN55ulDbwrxA0VdHzAMRD7OiDbT3Kc0TW2bxQ8I0XobX', '2020-07-12 12:26:37', '2020-07-15 13:48:26', 0, 0, '101393293536414800245', NULL, 0, 0),
(12, 'volunteer2', 'volunteer2@gmail.com', NULL, '$2y$10$hiozBN.7M1PWQV.n5b7YnuifCNL19PY.YppjJ.kftuqJaIBBSGYUK', NULL, '2020-07-12 16:55:56', '2020-07-12 16:55:56', 0, 1, NULL, NULL, 0, 0),
(13, 'user', 'user@gmail.com', '2020-07-12 17:04:02', '$2y$10$N3cE7VIXSsJdR/BLo4lvSOh1IbWY3Of6.Fvm5tAoW8SSpCkzZv7ei', NULL, '2020-07-12 17:03:18', '2020-07-15 15:40:38', 0, 0, NULL, NULL, 59, 0),
(16, 'user3', 'user3@gmail.com', '2020-07-13 17:58:45', '$2y$10$NZ9OvdTODFn2Hjm.VItjQuWmKFeKrQgLaetcvSw3Z.vygLRDoejUa', NULL, '2020-07-13 17:54:45', '2020-07-13 17:58:45', 0, 0, NULL, NULL, 0, 0),
(17, 'usertest', 'usertest@gmail.com', '2020-07-15 14:37:01', '$2y$10$QM8z8teC1uUZO1BfjUg7aeu4s.2C55OTAT8Kl2ZFu35EAOCZCcfui', NULL, '2020-07-15 14:36:33', '2020-07-15 14:37:14', 0, 0, NULL, NULL, 1, 0),
(18, 'volunteertest', 'volunteertest@gmail.com', '2020-07-15 14:40:25', '$2y$10$ZeiWPLjJiDAenhqtvsHyU.XUA0gqnXgF3i5kvINjBUrU00PTM2ekm', NULL, '2020-07-15 14:38:51', '2020-07-15 15:24:37', 0, 1, NULL, NULL, 6, 1);

-- --------------------------------------------------------

--
-- Table structure for table `videos`
--

CREATE TABLE `videos` (
  `id` bigint UNSIGNED NOT NULL,
  `videoSource` varchar(255) CHARACTER SET utf8mb4 COLLATE utf8mb4_unicode_ci NOT NULL,
  `videoTag` varchar(255) CHARACTER SET utf8mb4 COLLATE utf8mb4_unicode_ci NOT NULL,
  `videoURL` varchar(255) CHARACTER SET utf8mb4 COLLATE utf8mb4_unicode_ci NOT NULL,
  `created_at` timestamp NULL DEFAULT NULL,
  `updated_at` timestamp NULL DEFAULT NULL
) ENGINE=InnoDB DEFAULT CHARSET=utf8mb4 COLLATE=utf8mb4_unicode_ci;

--
-- Dumping data for table `videos`
--

INSERT INTO `videos` (`id`, `videoSource`, `videoTag`, `videoURL`, `created_at`, `updated_at`) VALUES
(1, 'fit tuber', 'depression', 'https://www.youtube.com/watch?v=OJfH0j6iF8I', '2020-07-07 17:31:19', '2020-07-07 17:31:19'),
(2, 'fit tuber', 'Healthy sleep', 'https://www.youtube.com/watch?v=azsMvdSI3cU', '2020-07-07 17:33:40', '2020-07-07 17:33:40'),
(3, 'sadh guru', 'suicidal thoughts', 'https://www.youtube.com/watch?v=4Ccgk14xND0', '2020-07-07 17:35:36', '2020-07-07 17:35:36'),
(4, 'Brian tracy', 'stress', 'https://youtu.be/MPPMgz4zZ0w', '2020-07-08 04:16:26', '2020-07-08 04:16:26'),
(5, 'SANE Australia', 'stigma', 'https://youtu.be/XmyTGJnP8uY', '2020-07-08 04:17:53', '2020-07-08 04:17:53'),
(6, 'The Psych Show', 'Mental illness', 'https://youtu.be/gwmv_KGdceA', '2020-07-08 04:20:03', '2020-07-08 04:20:03'),
(8, 'BKShivani', 'fear of loss', 'https://youtu.be/1GD99hvOBRc', '2020-07-08 04:23:21', '2020-07-08 04:23:21');

-- --------------------------------------------------------

--
-- Table structure for table `volunteers`
--

CREATE TABLE `volunteers` (
  `id` bigint UNSIGNED NOT NULL,
  `created_at` timestamp NULL DEFAULT NULL,
  `updated_at` timestamp NULL DEFAULT NULL,
  `name` varchar(255) CHARACTER SET utf8mb4 COLLATE utf8mb4_unicode_ci NOT NULL,
  `phone` varchar(10) CHARACTER SET utf8mb4 COLLATE utf8mb4_unicode_ci NOT NULL,
  `qualification` varchar(255) CHARACTER SET utf8mb4 COLLATE utf8mb4_unicode_ci NOT NULL,
  `work` varchar(255) CHARACTER SET utf8mb4 COLLATE utf8mb4_unicode_ci NOT NULL,
  `insight` varchar(255) CHARACTER SET utf8mb4 COLLATE utf8mb4_unicode_ci NOT NULL,
  `queries` varchar(255) CHARACTER SET utf8mb4 COLLATE utf8mb4_unicode_ci DEFAULT NULL,
  `user_id` bigint UNSIGNED NOT NULL,
  `file1` varchar(255) CHARACTER SET utf8mb4 COLLATE utf8mb4_unicode_ci DEFAULT NULL,
  `file2` varchar(255) CHARACTER SET utf8mb4 COLLATE utf8mb4_unicode_ci DEFAULT NULL,
  `is_Approved` varchar(255) CHARACTER SET utf8mb4 COLLATE utf8mb4_unicode_ci DEFAULT '0'
) ENGINE=InnoDB DEFAULT CHARSET=utf8mb4 COLLATE=utf8mb4_unicode_ci;

--
-- Dumping data for table `volunteers`
--

INSERT INTO `volunteers` (`id`, `created_at`, `updated_at`, `name`, `phone`, `qualification`, `work`, `insight`, `queries`, `user_id`, `file1`, `file2`, `is_Approved`) VALUES
(1, '2020-07-11 09:53:46', '2020-07-11 09:57:18', 'volunteer', '9553843804', 'M.Tech', 'Student', 'Service', 'Nothing', 10, 'uploads/volunteer/Ql3PIrLhrHm6hVHOFUXERFMBP8h3hLTnbFykxKWi.png', 'uploads/volunteer/iy7OKtxPLgCOcGNkzdiNbwM0l7uBLpIO8Cv7i9Ta.png', '1'),
(3, '2020-07-15 14:45:06', '2020-07-15 14:48:22', 'volunteertest', '9553843805', 'M.Tech', 'A', 'b', 'C', 18, 'uploads/volunteer/BNNSCMHLKaxTUQzt3KvJj10v7WiTIUwSymZJaTj7.png', 'uploads/volunteer/iabeQ5HKHx9bUFW2FJmKtvuLeEUZliht0mDTzU8f.png', '1');

-- --------------------------------------------------------

--
-- Table structure for table `worries`
--

CREATE TABLE `worries` (
  `id` bigint UNSIGNED NOT NULL,
  `worry` varchar(255) CHARACTER SET utf8mb4 COLLATE utf8mb4_unicode_ci NOT NULL,
  `user_id` bigint UNSIGNED NOT NULL,
  `created_at` timestamp NULL DEFAULT NULL,
  `updated_at` timestamp NULL DEFAULT NULL
) ENGINE=InnoDB DEFAULT CHARSET=utf8mb4 COLLATE=utf8mb4_unicode_ci;

--
-- Dumping data for table `worries`
--

INSERT INTO `worries` (`id`, `worry`, `user_id`, `created_at`, `updated_at`) VALUES
(1, 'worry1', 7, '2020-07-12 14:35:52', '2020-07-12 14:35:52'),
(5, 'worry1', 13, '2020-07-15 13:28:36', '2020-07-15 13:28:36'),
(6, 'worry2', 13, '2020-07-15 13:28:36', '2020-07-15 13:28:36'),
(7, 'worry3', 13, '2020-07-15 13:28:36', '2020-07-15 13:28:36'),
(8, 'worry4', 13, '2020-07-15 13:28:36', '2020-07-15 13:28:36');

--
-- Indexes for dumped tables
--

--
-- Indexes for table `answers`
--
ALTER TABLE `answers`
  ADD PRIMARY KEY (`id`),
  ADD KEY `answers_question_id_foreign` (`question_id`);

--
-- Indexes for table `appointments`
--
ALTER TABLE `appointments`
  ADD PRIMARY KEY (`id`),
  ADD KEY `appointments_user_id_foreign` (`user_id`),
  ADD KEY `appointments_volunteer_id_foreign` (`volunteer_id`);

--
-- Indexes for table `comments`
--
ALTER TABLE `comments`
  ADD PRIMARY KEY (`id`),
  ADD KEY `comments_user_id_foreign` (`user_id`);

--
-- Indexes for table `customers`
--
ALTER TABLE `customers`
  ADD PRIMARY KEY (`id`);

--
-- Indexes for table `dialyquotes`
--
ALTER TABLE `dialyquotes`
  ADD PRIMARY KEY (`id`);

--
-- Indexes for table `diary`
--
ALTER TABLE `diary`
  ADD PRIMARY KEY (`id`),
  ADD KEY `diary_user_id_foreign` (`user_id`);

--
-- Indexes for table `failed_jobs`
--
ALTER TABLE `failed_jobs`
  ADD PRIMARY KEY (`id`);

--
-- Indexes for table `migrations`
--
ALTER TABLE `migrations`
  ADD PRIMARY KEY (`id`);

--
-- Indexes for table `news`
--
ALTER TABLE `news`
  ADD PRIMARY KEY (`id`);

--
-- Indexes for table `notifications`
--
ALTER TABLE `notifications`
  ADD PRIMARY KEY (`id`),
  ADD KEY `notifications_notifiable_type_notifiable_id_index` (`notifiable_type`,`notifiable_id`);

--
-- Indexes for table `password_resets`
--
ALTER TABLE `password_resets`
  ADD KEY `password_resets_email_index` (`email`);

--
-- Indexes for table `playlists`
--
ALTER TABLE `playlists`
  ADD PRIMARY KEY (`id`);

--
-- Indexes for table `questionnaires`
--
ALTER TABLE `questionnaires`
  ADD PRIMARY KEY (`id`);

--
-- Indexes for table `questions`
--
ALTER TABLE `questions`
  ADD PRIMARY KEY (`id`),
  ADD KEY `questions_questionnaire_id_foreign` (`questionnaire_id`);

--
-- Indexes for table `quotes`
--
ALTER TABLE `quotes`
  ADD PRIMARY KEY (`id`);

--
-- Indexes for table `stories`
--
ALTER TABLE `stories`
  ADD PRIMARY KEY (`id`),
  ADD KEY `stories_user_id_foreign` (`user_id`);

--
-- Indexes for table `subscriptions`
--
ALTER TABLE `subscriptions`
  ADD PRIMARY KEY (`id`),
  ADD UNIQUE KEY `subscriptions_subscriberemail_unique` (`subscriberEmail`),
  ADD KEY `subscriptions_user_id_foreign` (`user_id`);

--
-- Indexes for table `suggestion`
--
ALTER TABLE `suggestion`
  ADD PRIMARY KEY (`id`);

--
-- Indexes for table `surveys`
--
ALTER TABLE `surveys`
  ADD PRIMARY KEY (`id`),
  ADD KEY `surveys_user_id_foreign` (`user_id`),
  ADD KEY `surveys_questionnaire_id_foreign` (`questionnaire_id`);

--
-- Indexes for table `talks`
--
ALTER TABLE `talks`
  ADD PRIMARY KEY (`id`),
  ADD KEY `talks_user_id_foreign` (`user_id`);

--
-- Indexes for table `users`
--
ALTER TABLE `users`
  ADD PRIMARY KEY (`id`),
  ADD UNIQUE KEY `users_email_unique` (`email`);

--
-- Indexes for table `videos`
--
ALTER TABLE `videos`
  ADD PRIMARY KEY (`id`);

--
-- Indexes for table `volunteers`
--
ALTER TABLE `volunteers`
  ADD PRIMARY KEY (`id`),
  ADD UNIQUE KEY `volunteers_phone_unique` (`phone`),
  ADD KEY `volunteers_user_id_foreign` (`user_id`);

--
-- Indexes for table `worries`
--
ALTER TABLE `worries`
  ADD PRIMARY KEY (`id`),
  ADD KEY `worries_user_id_foreign` (`user_id`);

--
-- AUTO_INCREMENT for dumped tables
--

--
-- AUTO_INCREMENT for table `answers`
--
ALTER TABLE `answers`
  MODIFY `id` bigint UNSIGNED NOT NULL AUTO_INCREMENT, AUTO_INCREMENT=541;

--
-- AUTO_INCREMENT for table `appointments`
--
ALTER TABLE `appointments`
  MODIFY `id` bigint UNSIGNED NOT NULL AUTO_INCREMENT, AUTO_INCREMENT=6;

--
-- AUTO_INCREMENT for table `comments`
--
ALTER TABLE `comments`
  MODIFY `id` bigint UNSIGNED NOT NULL AUTO_INCREMENT, AUTO_INCREMENT=6;

--
-- AUTO_INCREMENT for table `customers`
--
ALTER TABLE `customers`
  MODIFY `id` bigint UNSIGNED NOT NULL AUTO_INCREMENT;

--
-- AUTO_INCREMENT for table `dialyquotes`
--
ALTER TABLE `dialyquotes`
  MODIFY `id` bigint UNSIGNED NOT NULL AUTO_INCREMENT, AUTO_INCREMENT=8;

--
-- AUTO_INCREMENT for table `diary`
--
ALTER TABLE `diary`
  MODIFY `id` bigint UNSIGNED NOT NULL AUTO_INCREMENT, AUTO_INCREMENT=6;

--
-- AUTO_INCREMENT for table `failed_jobs`
--
ALTER TABLE `failed_jobs`
  MODIFY `id` bigint UNSIGNED NOT NULL AUTO_INCREMENT;

--
-- AUTO_INCREMENT for table `migrations`
--
ALTER TABLE `migrations`
  MODIFY `id` int UNSIGNED NOT NULL AUTO_INCREMENT, AUTO_INCREMENT=63;

--
-- AUTO_INCREMENT for table `news`
--
ALTER TABLE `news`
  MODIFY `id` bigint UNSIGNED NOT NULL AUTO_INCREMENT, AUTO_INCREMENT=11;

--
-- AUTO_INCREMENT for table `playlists`
--
ALTER TABLE `playlists`
  MODIFY `id` bigint UNSIGNED NOT NULL AUTO_INCREMENT, AUTO_INCREMENT=9;

--
-- AUTO_INCREMENT for table `questionnaires`
--
ALTER TABLE `questionnaires`
  MODIFY `id` bigint UNSIGNED NOT NULL AUTO_INCREMENT, AUTO_INCREMENT=11;

--
-- AUTO_INCREMENT for table `questions`
--
ALTER TABLE `questions`
  MODIFY `id` bigint UNSIGNED NOT NULL AUTO_INCREMENT, AUTO_INCREMENT=136;

--
-- AUTO_INCREMENT for table `quotes`
--
ALTER TABLE `quotes`
  MODIFY `id` bigint UNSIGNED NOT NULL AUTO_INCREMENT, AUTO_INCREMENT=11;

--
-- AUTO_INCREMENT for table `stories`
--
ALTER TABLE `stories`
  MODIFY `id` bigint UNSIGNED NOT NULL AUTO_INCREMENT, AUTO_INCREMENT=22;

--
-- AUTO_INCREMENT for table `subscriptions`
--
ALTER TABLE `subscriptions`
  MODIFY `id` bigint UNSIGNED NOT NULL AUTO_INCREMENT, AUTO_INCREMENT=2;

--
-- AUTO_INCREMENT for table `suggestion`
--
ALTER TABLE `suggestion`
  MODIFY `id` bigint UNSIGNED NOT NULL AUTO_INCREMENT, AUTO_INCREMENT=2;

--
-- AUTO_INCREMENT for table `surveys`
--
ALTER TABLE `surveys`
  MODIFY `id` bigint UNSIGNED NOT NULL AUTO_INCREMENT, AUTO_INCREMENT=43;

--
-- AUTO_INCREMENT for table `talks`
--
ALTER TABLE `talks`
  MODIFY `id` bigint UNSIGNED NOT NULL AUTO_INCREMENT, AUTO_INCREMENT=13;

--
-- AUTO_INCREMENT for table `users`
--
ALTER TABLE `users`
  MODIFY `id` bigint UNSIGNED NOT NULL AUTO_INCREMENT, AUTO_INCREMENT=19;

--
-- AUTO_INCREMENT for table `videos`
--
ALTER TABLE `videos`
  MODIFY `id` bigint UNSIGNED NOT NULL AUTO_INCREMENT, AUTO_INCREMENT=11;

--
-- AUTO_INCREMENT for table `volunteers`
--
ALTER TABLE `volunteers`
  MODIFY `id` bigint UNSIGNED NOT NULL AUTO_INCREMENT, AUTO_INCREMENT=4;

--
-- AUTO_INCREMENT for table `worries`
--
ALTER TABLE `worries`
  MODIFY `id` bigint UNSIGNED NOT NULL AUTO_INCREMENT, AUTO_INCREMENT=9;

--
-- Constraints for dumped tables
--

--
-- Constraints for table `answers`
--
ALTER TABLE `answers`
  ADD CONSTRAINT `answers_question_id_foreign` FOREIGN KEY (`question_id`) REFERENCES `questions` (`id`) ON DELETE CASCADE;

--
-- Constraints for table `appointments`
--
ALTER TABLE `appointments`
  ADD CONSTRAINT `appointments_user_id_foreign` FOREIGN KEY (`user_id`) REFERENCES `users` (`id`) ON DELETE CASCADE,
  ADD CONSTRAINT `appointments_volunteer_id_foreign` FOREIGN KEY (`volunteer_id`) REFERENCES `volunteers` (`id`) ON DELETE CASCADE;

--
-- Constraints for table `comments`
--
ALTER TABLE `comments`
  ADD CONSTRAINT `comments_user_id_foreign` FOREIGN KEY (`user_id`) REFERENCES `users` (`id`) ON DELETE CASCADE;

--
-- Constraints for table `diary`
--
ALTER TABLE `diary`
  ADD CONSTRAINT `diary_user_id_foreign` FOREIGN KEY (`user_id`) REFERENCES `users` (`id`) ON DELETE CASCADE;

--
-- Constraints for table `questions`
--
ALTER TABLE `questions`
  ADD CONSTRAINT `questions_questionnaire_id_foreign` FOREIGN KEY (`questionnaire_id`) REFERENCES `questionnaires` (`id`) ON DELETE CASCADE;

--
-- Constraints for table `stories`
--
ALTER TABLE `stories`
  ADD CONSTRAINT `stories_user_id_foreign` FOREIGN KEY (`user_id`) REFERENCES `users` (`id`) ON DELETE CASCADE;

--
-- Constraints for table `subscriptions`
--
ALTER TABLE `subscriptions`
  ADD CONSTRAINT `subscriptions_user_id_foreign` FOREIGN KEY (`user_id`) REFERENCES `users` (`id`) ON DELETE CASCADE;

--
-- Constraints for table `surveys`
--
ALTER TABLE `surveys`
  ADD CONSTRAINT `surveys_questionnaire_id_foreign` FOREIGN KEY (`questionnaire_id`) REFERENCES `questionnaires` (`id`) ON DELETE CASCADE,
  ADD CONSTRAINT `surveys_user_id_foreign` FOREIGN KEY (`user_id`) REFERENCES `users` (`id`) ON DELETE CASCADE;

--
-- Constraints for table `talks`
--
ALTER TABLE `talks`
  ADD CONSTRAINT `talks_user_id_foreign` FOREIGN KEY (`user_id`) REFERENCES `users` (`id`) ON DELETE CASCADE;
COMMIT;

/*!40101 SET CHARACTER_SET_CLIENT=@OLD_CHARACTER_SET_CLIENT */;
/*!40101 SET CHARACTER_SET_RESULTS=@OLD_CHARACTER_SET_RESULTS */;
/*!40101 SET COLLATION_CONNECTION=@OLD_COLLATION_CONNECTION */;
